Random_100, 0.0000, 185, 100
Random_100, 0.0015, 96, 100
Random_100, 0.0073, 760, 100
Random_100, 0.0126, 171, 100
Random_100, 0.0184, 184, 100
Random_100, 0.0237, 176, 100
Random_100, 0.0294, 185, 100
Random_100, 0.0348, 177, 100
Random_100, 0.0406, 184, 100
Random_100, 0.0459, 172, 100
Random_100, 0.0517, 192, 100
Random_100, 0.0570, 169, 100
Random_100, 0.0628, 189, 100
Random_100, 0.0681, 171, 100
Random_100, 0.0739, 186, 100
Random_100, 0.0792, 173, 100
Random_100, 0.0851, 190, 100
Random_100, 0.0904, 170, 100
Random_100, 0.0961, 191, 100
Random_100, 0.1014, 174, 100
Random_100, 0.1073, 186, 100
Random_100, 0.1125, 170, 100
Random_100, 0.1186, 187, 100
Random_100, 0.1237, 167, 100
Random_100, 0.1296, 197, 100
Random_100, 0.1347, 169, 100
Random_100, 0.1406, 189, 100
Random_100, 0.1459, 175, 100
Random_100, 0.1517, 187, 100
Random_100, 0.1570, 172, 100
Random_100, 0.1628, 184, 100
Random_100, 0.1681, 175, 100
Random_100, 0.1739, 183, 100
Random_100, 0.1792, 177, 100
Random_100, 0.1850, 184, 100
Random_100, 0.1903, 175, 100
Random_100, 0.1961, 185, 100
Random_100, 0.2014, 175, 100
Random_100, 0.2072, 185, 100
Random_100, 0.2125, 175, 100
Random_100, 0.2183, 188, 100
Random_100, 0.2236, 172, 100
Random_100, 0.2294, 187, 100
Random_100, 0.2347, 173, 100
Random_100, 0.2405, 188, 100
Random_100, 0.2458, 172, 100
Random_100, 0.2516, 186, 100
Random_100, 0.2570, 171, 100
Random_100, 0.2627, 188, 100
Random_100, 0.2681, 173, 100
Random_100, 0.2738, 187, 100
Random_100, 0.2791, 173, 100
Random_100, 0.2849, 187, 100
Random_100, 0.2903, 173, 100
Random_100, 0.2961, 187, 100
Random_100, 0.3015, 171, 100
Random_100, 0.3075, 181, 100
Random_100, 0.3126, 167, 100
Random_100, 0.3186, 195, 100
Random_100, 0.3237, 167, 100
Random_100, 0.3295, 197, 100
Random_100, 0.3348, 168, 100
Random_100, 0.3406, 191, 100
Random_100, 0.3459, 174, 100
Random_100, 0.3517, 187, 100
Random_100, 0.3571, 172, 100
Random_100, 0.3628, 184, 100
Random_100, 0.3696, 173, 100
Random_100, 0.3739, 148, 100
Random_100, 0.3792, 233, 100
Random_100, 0.3850, 181, 100
Random_100, 0.3903, 179, 100
Random_100, 0.3961, 182, 100
Random_100, 0.4015, 177, 100
Random_100, 0.4072, 182, 100
Random_100, 0.4126, 177, 100
Random_100, 0.4183, 184, 100
Random_100, 0.4237, 175, 100
Random_100, 0.4294, 185, 100
Random_100, 0.4348, 175, 100
Random_100, 0.4405, 185, 100
Random_100, 0.4459, 172, 100
Random_100, 0.4517, 189, 100
Random_100, 0.4570, 169, 100
Random_100, 0.4628, 183, 100
Random_100, 0.4681, 181, 100
Random_100, 0.4739, 187, 100
Random_100, 0.4792, 172, 100
Random_100, 0.4850, 185, 100
Random_100, 0.4903, 175, 100
Random_100, 0.4961, 184, 100
Random_100, 0.5014, 173, 100
Random_100, 0.5074, 187, 100
Random_100, 0.5126, 169, 100
Random_100, 0.5184, 187, 100
Random_100, 0.5237, 176, 100
Random_100, 0.5295, 189, 100
Random_100, 0.5348, 170, 100
Random_100, 0.5406, 187, 100
Random_100, 0.5459, 175, 100
Random_100, 0.5517, 184, 100
Random_100, 0.5570, 173, 100
Random_100, 0.5628, 192, 100
Random_100, 0.5681, 170, 100
Random_100, 0.5739, 189, 100
Random_100, 0.5792, 170, 100
Random_100, 0.5850, 186, 100
Random_100, 0.5903, 174, 100
Random_100, 0.5963, 185, 100
Random_100, 0.6014, 170, 100
Random_100, 0.6073, 188, 100
Random_100, 0.6127, 175, 100
Random_100, 0.6184, 179, 100
Random_100, 0.6237, 177, 100
Random_100, 0.6294, 185, 100
Random_100, 0.6348, 180, 100
Random_100, 0.6405, 183, 100
Random_100, 0.6459, 177, 100
Random_100, 0.6516, 181, 100
Random_100, 0.6570, 174, 100
Random_100, 0.6627, 187, 100
Random_100, 0.6681, 169, 100
Random_100, 0.6738, 195, 100
Random_100, 0.6792, 169, 100
Random_100, 0.6850, 187, 100
Random_100, 0.6903, 172, 100
Random_100, 0.6961, 189, 100
Random_100, 0.7014, 170, 100
Random_100, 0.7072, 188, 100
Random_100, 0.7125, 175, 100
Random_100, 0.7183, 184, 100
Random_100, 0.7236, 176, 100
Random_100, 0.7294, 186, 100
Random_100, 0.7347, 174, 100
Random_100, 0.7405, 185, 100
Random_100, 0.7458, 176, 100
Random_100, 0.7516, 181, 100
Random_100, 0.7569, 176, 100
Random_100, 0.7629, 185, 100
Random_100, 0.7681, 171, 100
Random_100, 0.7739, 189, 100
Random_100, 0.7792, 177, 100
Random_100, 0.7849, 184, 100
Random_100, 0.7903, 172, 100
Random_100, 0.7960, 189, 100
Random_100, 0.8014, 172, 100
Random_100, 0.8071, 188, 100
Random_100, 0.8125, 174, 100
Random_100, 0.8182, 186, 100
Random_100, 0.8236, 175, 100
Random_100, 0.8293, 185, 100
Random_100, 0.8347, 171, 100
Random_100, 0.8406, 185, 100
Random_100, 0.8459, 173, 100
Random_100, 0.8517, 188, 100
Random_100, 0.8569, 173, 100
Random_100, 0.8627, 186, 100
Random_100, 0.8680, 175, 100
Random_100, 0.8739, 184, 100
Random_100, 0.8793, 172, 100
Random_100, 0.8851, 184, 100
Random_100, 0.8904, 174, 100
Random_100, 0.8961, 185, 100
Random_100, 0.9014, 177, 100
Random_100, 0.9074, 188, 100
Random_100, 0.9127, 166, 100
Random_100, 0.9184, 188, 100
Random_100, 0.9237, 176, 100
Random_100, 0.9294, 185, 100
Random_100, 0.9347, 176, 100
Random_100, 0.9406, 189, 100
Random_100, 0.9460, 166, 100
Random_100, 0.9518, 190, 100
Random_100, 0.9571, 171, 100
Random_100, 0.9629, 190, 100
Random_100, 0.9682, 170, 100
Random_100, 0.9740, 191, 100
Random_100, 0.9793, 170, 100
Random_100, 0.9851, 189, 100
Random_100, 0.9903, 170, 100
Random_100, 0.9961, 192, 100
Random_100, 1.0014, 169, 100
Random_100, 1.0072, 191, 100
Random_100, 1.0125, 169, 100
Random_100, 1.0182, 191, 100
Random_100, 1.0236, 173, 100
Random_100, 1.0294, 182, 100
Random_100, 1.0348, 174, 100
Random_100, 1.0404, 188, 100
Random_100, 1.0458, 175, 100
Random_100, 1.0516, 187, 100
Random_100, 1.0569, 173, 100
Random_100, 1.0627, 188, 100
Random_100, 1.0680, 170, 100
Random_100, 1.0739, 190, 100
Random_100, 1.0792, 171, 100
Random_100, 1.0849, 185, 100
Random_100, 1.0903, 179, 100
Random_100, 1.0961, 184, 100
Random_100, 1.1014, 171, 100
Random_100, 1.1072, 187, 100
Random_100, 1.1125, 171, 100
Random_100, 1.1183, 188, 100
Random_100, 1.1237, 171, 100
Random_100, 1.1294, 185, 100
Random_100, 1.1347, 175, 100
Random_100, 1.1406, 189, 100
Random_100, 1.1458, 170, 100
Random_100, 1.1518, 190, 100
Random_100, 1.1571, 170, 100
Random_100, 1.1628, 188, 100
Random_100, 1.1681, 170, 100
Random_100, 1.1739, 191, 100
Random_100, 1.1792, 174, 100
Random_100, 1.1850, 188, 100
Random_100, 1.1903, 173, 100
Random_100, 1.1961, 185, 100
Random_100, 1.2014, 171, 100
Random_100, 1.2072, 190, 100
Random_100, 1.2125, 169, 100
Random_100, 1.2182, 190, 100
Random_100, 1.2236, 177, 100
Random_100, 1.2293, 180, 100
Random_100, 1.2348, 177, 100
Random_100, 1.2407, 181, 100
Random_100, 1.2459, 171, 100
Random_100, 1.2516, 189, 100
Random_100, 1.2571, 175, 100
Random_100, 1.2628, 182, 100
Random_100, 1.2681, 172, 100
Random_100, 1.2739, 190, 100
Random_100, 1.2792, 176, 100
Random_100, 1.2850, 184, 100
Random_100, 1.2902, 174, 100
Random_100, 1.2961, 188, 100
Random_100, 1.3014, 171, 100
Random_100, 1.3071, 188, 100
Random_100, 1.3125, 177, 100
Random_100, 1.3183, 178, 100
Random_100, 1.3236, 176, 100
Random_100, 1.3295, 190, 100
Random_100, 1.3348, 165, 100
Random_100, 1.3406, 189, 100
Random_100, 1.3460, 168, 100
Random_100, 1.3518, 196, 100
Random_100, 1.3570, 173, 100
Random_100, 1.3628, 186, 100
Random_100, 1.3681, 174, 100
Random_100, 1.3739, 186, 100
Random_100, 1.3792, 176, 100
Random_100, 1.3849, 185, 100
Random_100, 1.3902, 173, 100
Random_100, 1.3960, 184, 100
Random_100, 1.4014, 174, 100
Random_100, 1.4071, 192, 100
Random_100, 1.4125, 173, 100
Random_100, 1.4183, 181, 100
Random_100, 1.4236, 174, 100
Random_100, 1.4294, 189, 100
Random_100, 1.4347, 171, 100
Random_100, 1.4406, 190, 100
Random_100, 1.4458, 170, 100
Random_100, 1.4516, 191, 100
Random_100, 1.4569, 171, 100
Random_100, 1.4627, 187, 100
Random_100, 1.4680, 174, 100
Random_100, 1.4738, 185, 100
Random_100, 1.4792, 176, 100
Random_100, 1.4851, 183, 100
Random_100, 1.4903, 169, 100
Random_100, 1.4962, 193, 100
Random_100, 1.5014, 170, 100
Random_100, 1.5072, 187, 100
Random_100, 1.5126, 175, 100
Random_100, 1.5183, 181, 100
Random_100, 1.5237, 177, 100
Random_100, 1.5294, 182, 100
Random_100, 1.5347, 176, 100
Random_100, 1.5407, 187, 100
Random_100, 1.5460, 167, 100
Random_100, 1.5518, 191, 100
Random_100, 1.5570, 171, 100
Random_100, 1.5627, 193, 100
Random_100, 1.5680, 176, 100
Random_100, 1.5739, 185, 100
Random_100, 1.5791, 169, 100
Random_100, 1.5849, 190, 100
Random_100, 1.5903, 176, 100
Random_100, 1.5962, 181, 100
Random_100, 1.6014, 172, 100
Random_100, 1.6073, 191, 100
Random_100, 1.6125, 169, 100
Random_100, 1.6184, 193, 100
Random_100, 1.6237, 168, 100
Random_100, 1.6295, 189, 100
Random_100, 1.6348, 170, 100
Random_100, 1.6405, 190, 100
Random_100, 1.6458, 177, 100
Random_100, 1.6517, 182, 100
Random_100, 1.6571, 173, 100
Random_100, 1.6628, 188, 100
Random_100, 1.6681, 173, 100
Random_100, 1.6739, 186, 100
Random_100, 1.6791, 173, 100
Random_100, 1.6849, 190, 100
Random_100, 1.6903, 171, 100
Random_100, 1.6960, 187, 100
Random_100, 1.7014, 175, 100
Random_100, 1.7072, 180, 100
Random_100, 1.7125, 178, 100
Random_100, 1.7184, 181, 100
Random_100, 1.7236, 170, 100
Random_100, 1.7294, 193, 100
Random_100, 1.7349, 170, 100
Random_100, 1.7406, 185, 100
Random_100, 1.7459, 174, 100
Random_100, 1.7517, 186, 100
Random_100, 1.7570, 173, 100
Random_100, 1.7628, 190, 100
Random_100, 1.7681, 176, 100
Random_100, 1.7738, 184, 100
Random_100, 1.7793, 178, 100
Random_100, 1.7850, 180, 100
Random_100, 1.7903, 177, 100
Random_100, 1.7961, 183, 100
Random_100, 1.8015, 176, 100
Random_100, 1.8071, 183, 100
Random_100, 1.8125, 178, 100
Random_100, 1.8182, 184, 100
Random_100, 1.8236, 176, 100
Random_100, 1.8293, 185, 100
Random_100, 1.8347, 172, 100
Random_100, 1.8404, 186, 100
Random_100, 1.8458, 172, 100
Random_100, 1.8517, 187, 100
Random_100, 1.8570, 171, 100
Random_100, 1.8627, 190, 100
Random_100, 1.8681, 173, 100
Random_100, 1.8740, 187, 100
Random_100, 1.8792, 167, 100
Random_100, 1.8850, 189, 100
Random_100, 1.8902, 172, 100
Random_100, 1.8961, 193, 100
Random_100, 1.9015, 172, 100
Random_100, 1.9071, 182, 100
Random_100, 1.9125, 179, 100
Random_100, 1.9183, 181, 100
Random_100, 1.9236, 174, 100
Random_100, 1.9294, 187, 100
Random_100, 1.9347, 171, 100
Random_100, 1.9406, 189, 100
Random_100, 1.9459, 168, 100
Random_100, 1.9518, 190, 100
Random_100, 1.9570, 171, 100
Random_100, 1.9629, 190, 100
Random_100, 1.9681, 170, 100
Random_100, 1.9739, 191, 100
Random_100, 1.9792, 172, 100
Random_100, 1.9850, 189, 100
Random_100, 1.9903, 171, 100
Random_100, 1.9961, 190, 100
Random_100, 2.0014, 168, 100
Random_100, 2.0072, 188, 100
Random_100, 2.0125, 174, 100
Random_100, 2.0183, 191, 100
Random_100, 2.0237, 170, 100
Random_100, 2.0294, 185, 100
Random_100, 2.0347, 175, 100
Random_100, 2.0406, 187, 100
Random_100, 2.0459, 173, 100
Random_100, 2.0516, 180, 100
Random_100, 2.0570, 180, 100
Random_100, 2.0628, 186, 100
Random_100, 2.0681, 168, 100
Random_100, 2.0739, 191, 100
Random_100, 2.0793, 171, 100
Random_100, 2.0850, 185, 100
Random_100, 2.0903, 176, 100
Random_100, 2.0961, 186, 100
Random_100, 2.1015, 171, 100
Random_100, 2.1073, 189, 100
Random_100, 2.1125, 172, 100
Random_100, 2.1185, 193, 100
Random_100, 2.1237, 163, 100
Random_100, 2.1295, 192, 100
Random_100, 2.1347, 170, 100
Random_100, 2.1405, 193, 100
Random_100, 2.1461, 173, 100
Random_100, 2.1519, 182, 100
Random_100, 2.1572, 171, 100
Random_100, 2.1627, 188, 100
Random_100, 2.1681, 180, 100
Random_100, 2.1738, 187, 100
Random_100, 2.1792, 173, 100
Random_100, 2.1850, 184, 100
Random_100, 2.1903, 172, 100
Random_100, 2.1960, 189, 100
Random_100, 2.2014, 172, 100
Random_100, 2.2072, 185, 100
Random_100, 2.2125, 172, 100
Random_100, 2.2183, 188, 100
Random_100, 2.2236, 174, 100
Random_100, 2.2294, 185, 100
Random_100, 2.2347, 174, 100
Random_100, 2.2405, 186, 100
Random_100, 2.2459, 172, 100
Random_100, 2.2519, 191, 100
Random_100, 2.2570, 163, 100
Random_100, 2.2628, 193, 100
Random_100, 2.2681, 177, 100
Random_100, 2.2739, 188, 100
Random_100, 2.2792, 170, 100
Random_100, 2.2852, 188, 100
Random_100, 2.2905, 165, 100
Random_100, 2.2961, 189, 100
Random_100, 2.3015, 179, 100
Random_100, 2.3073, 184, 100
Random_100, 2.3125, 172, 100
Random_100, 2.3183, 190, 100
Random_100, 2.3237, 173, 100
Random_100, 2.3294, 186, 100
Random_100, 2.3348, 172, 100
Random_100, 2.3405, 187, 100
Random_100, 2.3458, 174, 100
Random_100, 2.3517, 187, 100
Random_100, 2.3569, 170, 100
Random_100, 2.3628, 192, 100
Random_100, 2.3681, 168, 100
Random_100, 2.3740, 190, 100
Random_100, 2.3792, 169, 100
Random_100, 2.3850, 192, 100
Random_100, 2.3904, 173, 100
Random_100, 2.3961, 186, 100
Random_100, 2.4014, 173, 100
Random_100, 2.4072, 187, 100
Random_100, 2.4125, 173, 100
Random_100, 2.4183, 186, 100
Random_100, 2.4236, 173, 100
Random_100, 2.4295, 189, 100
Random_100, 2.4348, 168, 100
Random_100, 2.4405, 191, 100
Random_100, 2.4459, 173, 100
Random_100, 2.4516, 185, 100
Random_100, 2.4570, 175, 100
Random_100, 2.4627, 184, 100
Random_100, 2.4681, 175, 100
Random_100, 2.4739, 184, 100
Random_100, 2.4792, 172, 100
Random_100, 2.4851, 188, 100
Random_100, 2.4903, 170, 100
Random_100, 2.4961, 191, 100
Random_100, 2.5014, 173, 100
Random_100, 2.5072, 187, 100
Random_100, 2.5126, 170, 100
Random_100, 2.5183, 188, 100
Random_100, 2.5236, 175, 100
Random_100, 2.5294, 187, 100
Random_100, 2.5348, 172, 100
Random_100, 2.5405, 186, 100
Random_100, 2.5458, 172, 100
Random_100, 2.5517, 189, 100
Random_100, 2.5570, 170, 100
Random_100, 2.5628, 188, 100
Random_100, 2.5681, 172, 100
Random_100, 2.5741, 191, 100
Random_100, 2.5792, 166, 100
Random_100, 2.5850, 196, 100
Random_100, 2.5904, 171, 100
Random_100, 2.5964, 187, 100
Random_100, 2.6014, 166, 100
Random_100, 2.6073, 198, 100
Random_100, 2.6126, 169, 100
Random_100, 2.6184, 187, 100
Random_100, 2.6237, 174, 100
Random_100, 2.6294, 185, 100
Random_100, 2.6349, 178, 100
Random_100, 2.6421, 179, 100
Random_100, 2.6459, 138, 100
Random_100, 2.6517, 262, 100
Random_100, 2.6570, 175, 100
Random_100, 2.6628, 184, 100
Random_100, 2.6680, 173, 100
Random_100, 2.6739, 192, 100
Random_100, 2.6792, 168, 100
Random_100, 2.6852, 188, 100
Random_100, 2.6903, 167, 100
Random_100, 2.6961, 195, 100
Random_100, 2.7014, 175, 100
Random_100, 2.7072, 184, 100
Random_100, 2.7125, 173, 100
Random_100, 2.7184, 188, 100
Random_100, 2.7237, 171, 100
Random_100, 2.7294, 189, 100
Random_100, 2.7348, 170, 100
Random_100, 2.7405, 185, 100
Random_100, 2.7460, 177, 100
Random_100, 2.7516, 176, 100
Random_100, 2.7570, 182, 100
Random_100, 2.7628, 184, 100
Random_100, 2.7680, 173, 100
Random_100, 2.7739, 191, 100
Random_100, 2.7792, 169, 100
Random_100, 2.7850, 186, 100
Random_100, 2.7903, 177, 100
Random_100, 2.7961, 182, 100
Random_100, 2.8015, 176, 100
Random_100, 2.8072, 184, 100
Random_100, 2.8126, 176, 100
Random_100, 2.8184, 184, 100
Random_100, 2.8237, 171, 100
Random_100, 2.8295, 190, 100
Random_100, 2.8348, 171, 100
Random_100, 2.8406, 189, 100
Random_100, 2.8458, 171, 100
Random_100, 2.8517, 191, 100
Random_100, 2.8570, 169, 100
Random_100, 2.8628, 190, 100
Random_100, 2.8681, 167, 100
Random_100, 2.8738, 195, 100
Random_100, 2.8792, 173, 100
Random_100, 2.8849, 181, 100
Random_100, 2.8903, 179, 100
Random_100, 2.8962, 183, 100
Random_100, 2.9014, 169, 100
Random_100, 2.9072, 197, 100
Random_100, 2.9125, 171, 100
Random_100, 2.9183, 184, 100
Random_100, 2.9237, 176, 100
Random_100, 2.9294, 184, 100
Random_100, 2.9348, 174, 100
Random_100, 2.9407, 186, 100
Random_100, 2.9459, 168, 100
Random_100, 2.9518, 192, 100
Random_100, 2.9570, 168, 100
Random_100, 2.9629, 193, 100
Random_100, 2.9681, 170, 100
Random_100, 2.9740, 192, 100
Random_100, 2.9792, 169, 100
Random_100, 2.9850, 190, 100
Random_100, 2.9903, 170, 100
Random_100, 2.9962, 188, 100
Random_100, 3.0014, 169, 100
Random_100, 3.0073, 194, 100
Random_100, 3.0126, 168, 100
Random_100, 3.0182, 188, 100
Random_100, 3.0237, 176, 100
Random_100, 3.0293, 185, 100
Random_100, 3.0347, 175, 100
Random_100, 3.0405, 188, 100
Random_100, 3.0459, 170, 100
Random_100, 3.0517, 187, 100
Random_100, 3.0569, 172, 100
Random_100, 3.0627, 193, 100
Random_100, 3.0681, 171, 100
Random_100, 3.0740, 184, 100
Random_100, 3.0792, 169, 100
Random_100, 3.0851, 191, 100
Random_100, 3.0903, 169, 100
Random_100, 3.0960, 192, 100
Random_100, 3.1014, 174, 100
Random_100, 3.1072, 183, 100
Random_100, 3.1125, 172, 100
Random_100, 3.1184, 188, 100
Random_100, 3.1237, 169, 100
Random_100, 3.1295, 190, 100
Random_100, 3.1347, 173, 100
Random_100, 3.1406, 194, 100
Random_100, 3.1459, 169, 100
Random_100, 3.1517, 186, 100
Random_100, 3.1570, 175, 100
Random_100, 3.1628, 183, 100
Random_100, 3.1681, 174, 100
Random_100, 3.1739, 190, 100
Random_100, 3.1792, 169, 100
Random_100, 3.1850, 191, 100
Random_100, 3.1903, 169, 100
Random_100, 3.1962, 188, 100
Random_100, 3.2014, 171, 100
Random_100, 3.2072, 193, 100
Random_100, 3.2124, 172, 100
Random_100, 3.2182, 188, 100
Random_100, 3.2237, 172, 100
Random_100, 3.2294, 183, 100
Random_100, 3.2347, 175, 100
Random_100, 3.2405, 189, 100
Random_100, 3.2459, 170, 100
Random_100, 3.2517, 186, 100
Random_100, 3.2570, 171, 100
Random_100, 3.2628, 191, 100
Random_100, 3.2681, 170, 100
Random_100, 3.2739, 189, 100
Random_100, 3.2792, 172, 100
Random_100, 3.2850, 187, 100
Random_100, 3.2903, 173, 100
Random_100, 3.2962, 189, 100
Random_100, 3.3014, 167, 100
Random_100, 3.3071, 194, 100
Random_100, 3.3125, 176, 100
Random_100, 3.3182, 185, 100
Random_100, 3.3236, 171, 100
Random_100, 3.3294, 191, 100
Random_100, 3.3348, 169, 100
Random_100, 3.3406, 185, 100
Random_100, 3.3459, 171, 100
Random_100, 3.3516, 189, 100
Random_100, 3.3569, 175, 100
Random_100, 3.3627, 186, 100
Random_100, 3.3681, 174, 100
Random_100, 3.3738, 186, 100
Random_100, 3.3792, 174, 100
Random_100, 3.3850, 184, 100
Random_100, 3.3903, 170, 100
Random_100, 3.3960, 190, 100
Random_100, 3.4014, 173, 100
Random_100, 3.4072, 185, 100
Random_100, 3.4125, 172, 100
Random_100, 3.4182, 190, 100
Random_100, 3.4237, 172, 100
Random_100, 3.4294, 186, 100
Random_100, 3.4348, 171, 100
Random_100, 3.4406, 189, 100
Random_100, 3.4458, 173, 100
Random_100, 3.4516, 190, 100
Random_100, 3.4569, 174, 100
Random_100, 3.4627, 185, 100
Random_100, 3.4681, 173, 100
Random_100, 3.4738, 183, 100
Random_100, 3.4792, 176, 100
Random_100, 3.4850, 184, 100
Random_100, 3.4902, 171, 100
Random_100, 3.4961, 190, 100
Random_100, 3.5014, 170, 100
Random_100, 3.5072, 189, 100
Random_100, 3.5125, 172, 100
Random_100, 3.5183, 184, 100
Random_100, 3.5236, 173, 100
Random_100, 3.5294, 187, 100
Random_100, 3.5347, 173, 100
Random_100, 3.5405, 186, 100
Random_100, 3.5460, 173, 100
Random_100, 3.5518, 183, 100
Random_100, 3.5570, 171, 100
Random_100, 3.5628, 190, 100
Random_100, 3.5681, 173, 100
Random_100, 3.5740, 190, 100
Random_100, 3.5793, 170, 100
Random_100, 3.5851, 189, 100
Random_100, 3.5903, 172, 100
Random_100, 3.5960, 188, 100
Random_100, 3.6015, 175, 100
Random_100, 3.6073, 179, 100
Random_100, 3.6126, 173, 100
Random_100, 3.6183, 189, 100
Random_100, 3.6236, 178, 100
Random_100, 3.6294, 184, 100
Random_100, 3.6348, 174, 100
Random_100, 3.6405, 185, 100
Random_100, 3.6459, 179, 100
Random_100, 3.6517, 181, 100
Random_100, 3.6570, 175, 100
Random_100, 3.6628, 184, 100
Random_100, 3.6682, 175, 100
Random_100, 3.6739, 183, 100
Random_100, 3.6794, 174, 100
Random_100, 3.6851, 182, 100
Random_100, 3.6903, 175, 100
Random_100, 3.6962, 190, 100
Random_100, 3.7014, 172, 100
Random_100, 3.7072, 189, 100
Random_100, 3.7125, 172, 100
Random_100, 3.7184, 188, 100
Random_100, 3.7236, 171, 100
Random_100, 3.7295, 190, 100
Random_100, 3.7348, 170, 100
Random_100, 3.7406, 188, 100
Random_100, 3.7458, 170, 100
Random_100, 3.7517, 190, 100
Random_100, 3.7569, 170, 100
Random_100, 3.7628, 195, 100
Random_100, 3.7681, 171, 100
Random_100, 3.7739, 185, 100
Random_100, 3.7791, 171, 100
Random_100, 3.7849, 191, 100
Random_100, 3.7903, 172, 100
Random_100, 3.7961, 187, 100
Random_100, 3.8014, 169, 100
Random_100, 3.8074, 190, 100
Random_100, 3.8126, 166, 100
Random_100, 3.8183, 193, 100
Random_100, 3.8237, 173, 100
Random_100, 3.8295, 189, 100
Random_100, 3.8347, 171, 100
Random_100, 3.8404, 191, 100
Random_100, 3.8458, 173, 100
Random_100, 3.8516, 184, 100
Random_100, 3.8570, 172, 100
Random_100, 3.8627, 188, 100
Random_100, 3.8681, 175, 100
Random_100, 3.8738, 184, 100
Random_100, 3.8792, 175, 100
Random_100, 3.8852, 184, 100
Random_100, 3.8905, 164, 100
Random_100, 3.8963, 192, 100
Random_100, 3.9014, 174, 100
Random_100, 3.9072, 194, 100
Random_100, 3.9125, 172, 100
Random_100, 3.9182, 190, 100
Random_100, 3.9236, 170, 100
Random_100, 3.9294, 187, 100
Random_100, 3.9347, 173, 100
Random_100, 3.9406, 185, 100
Random_100, 3.9459, 173, 100
Random_100, 3.9517, 187, 100
Random_100, 3.9570, 171, 100
Random_100, 3.9628, 191, 100
Random_100, 3.9681, 171, 100
Random_100, 3.9738, 190, 100
Random_100, 3.9792, 174, 100
Random_100, 3.9850, 186, 100
Random_100, 3.9903, 170, 100
Random_100, 3.9961, 190, 100
Random_100, 4.0014, 171, 100
Random_100, 4.0072, 184, 100
Random_100, 4.0125, 175, 100
Random_100, 4.0183, 186, 100
Random_100, 4.0236, 174, 100
Random_100, 4.0293, 184, 100
Random_100, 4.0347, 178, 100
Random_100, 4.0406, 185, 100
Random_100, 4.0459, 167, 100
Random_100, 4.0517, 190, 100
Random_100, 4.0570, 172, 100
Random_100, 4.0628, 189, 100
Random_100, 4.0681, 171, 100
Random_100, 4.0739, 190, 100
Random_100, 4.0792, 171, 100
Random_100, 4.0849, 190, 100
Random_100, 4.0903, 175, 100
Random_100, 4.0961, 185, 100
Random_100, 4.1014, 171, 100
Random_100, 4.1073, 190, 100
Random_100, 4.1125, 169, 100
Random_100, 4.1183, 188, 100
Random_100, 4.1237, 174, 100
Random_100, 4.1295, 181, 100
Random_100, 4.1347, 176, 100
Random_100, 4.1405, 189, 100
Random_100, 4.1459, 176, 100
Random_100, 4.1516, 182, 100
Random_100, 4.1570, 175, 100
Random_100, 4.1628, 185, 100
Random_100, 4.1681, 173, 100
Random_100, 4.1739, 187, 100
Random_100, 4.1792, 171, 100
Random_100, 4.1850, 190, 100
Random_100, 4.1903, 171, 100
Random_100, 4.1960, 188, 100
Random_100, 4.2014, 176, 100
Random_100, 4.2073, 183, 100
Random_100, 4.2125, 171, 100
Random_100, 4.2184, 191, 100
Random_100, 4.2236, 170, 100
Random_100, 4.2295, 191, 100
Random_100, 4.2347, 171, 100
Random_100, 4.2406, 187, 100
Random_100, 4.2459, 173, 100
Random_100, 4.2517, 183, 100
Random_100, 4.2570, 177, 100
Random_100, 4.2627, 185, 100
Random_100, 4.2681, 175, 100
Random_100, 4.2738, 184, 100
Random_100, 4.2792, 175, 100
Random_100, 4.2849, 184, 100
Random_100, 4.2903, 177, 100
Random_100, 4.2960, 182, 100
Random_100, 4.3014, 176, 100
Random_100, 4.3072, 183, 100
Random_100, 4.3125, 170, 100
Random_100, 4.3183, 191, 100
Random_100, 4.3237, 171, 100
Random_100, 4.3294, 189, 100
Random_100, 4.3347, 171, 100
Random_100, 4.3405, 189, 100
Random_100, 4.3458, 171, 100
Random_100, 4.3517, 190, 100
Random_100, 4.3570, 170, 100
Random_100, 4.3628, 186, 100
Random_100, 4.3681, 174, 100
Random_100, 4.3739, 186, 100
Random_100, 4.3792, 174, 100
Random_100, 4.3850, 184, 100
Random_100, 4.3903, 175, 100
Random_100, 4.3960, 184, 100
Random_100, 4.4014, 178, 100
Random_100, 4.4072, 181, 100
Random_100, 4.4125, 176, 100
Random_100, 4.4183, 184, 100
Random_100, 4.4236, 175, 100
Random_100, 4.4294, 184, 100
Random_100, 4.4348, 176, 100
Random_100, 4.4406, 184, 100
Random_100, 4.4459, 170, 100
Random_100, 4.4517, 190, 100
Random_100, 4.4570, 170, 100
Random_100, 4.4628, 190, 100
Random_100, 4.4681, 171, 100
Random_100, 4.4739, 190, 100
Random_100, 4.4792, 170, 100
Random_100, 4.4850, 187, 100
Random_100, 4.4903, 173, 100
Random_100, 4.4960, 185, 100
Random_100, 4.5014, 178, 100
Random_100, 4.5072, 182, 100
Random_100, 4.5125, 174, 100
Random_100, 4.5183, 185, 100
Random_100, 4.5236, 174, 100
Random_100, 4.5294, 185, 100
Random_100, 4.5348, 175, 100
Random_100, 4.5405, 184, 100
Random_100, 4.5458, 171, 100
Random_100, 4.5517, 194, 100
Random_100, 4.5570, 168, 100
Random_100, 4.5628, 188, 100
Random_100, 4.5681, 171, 100
Random_100, 4.5738, 190, 100
Random_100, 4.5792, 175, 100
Random_100, 4.5850, 185, 100
Random_100, 4.5903, 170, 100
Random_100, 4.5960, 190, 100
Random_100, 4.6015, 175, 100
Random_100, 4.6073, 178, 100
Random_100, 4.6126, 174, 100
Random_100, 4.6183, 190, 100
Random_100, 4.6237, 176, 100
Random_100, 4.6294, 181, 100
Random_100, 4.6348, 175, 100
Random_100, 4.6406, 184, 100
Random_100, 4.6459, 176, 100
Random_100, 4.6516, 184, 100
Random_100, 4.6570, 176, 100
Random_100, 4.6628, 184, 100
Random_100, 4.6681, 171, 100
Random_100, 4.6739, 190, 100
Random_100, 4.6792, 168, 100
Random_100, 4.6850, 196, 100
Random_100, 4.6903, 168, 100
Random_100, 4.6961, 189, 100
Random_100, 4.7014, 171, 100
Random_100, 4.7072, 190, 100
Random_100, 4.7125, 174, 100
Random_100, 4.7184, 186, 100
Random_100, 4.7236, 170, 100
Random_100, 4.7295, 190, 100
Random_100, 4.7348, 171, 100
Random_100, 4.7406, 186, 100
Random_100, 4.7459, 174, 100
Random_100, 4.7517, 185, 100
Random_100, 4.7570, 175, 100
Random_100, 4.7628, 184, 100
Random_100, 4.7681, 176, 100
Random_100, 4.7739, 185, 100
Random_100, 4.7792, 175, 100
Random_100, 4.7850, 184, 100
Random_100, 4.7903, 173, 100
Random_100, 4.7961, 187, 100
Random_100, 4.8015, 176, 100
Random_100, 4.8073, 184, 100
Random_100, 4.8126, 170, 100
Random_100, 4.8184, 190, 100
Random_100, 4.8237, 171, 100
Random_100, 4.8295, 190, 100
Random_100, 4.8348, 171, 100
Random_100, 4.8406, 190, 100
Random_100, 4.8459, 171, 100
Random_100, 4.8517, 190, 100
Random_100, 4.8570, 169, 100
Random_100, 4.8627, 186, 100
Random_100, 4.8681, 177, 100
Random_100, 4.8739, 184, 100
Random_100, 4.8792, 174, 100
Random_100, 4.8850, 184, 100
Random_100, 4.8903, 175, 100
Random_100, 4.8961, 184, 100
Random_100, 4.9014, 174, 100
Random_100, 4.9072, 186, 100
Random_100, 4.9140, 176, 100
Random_100, 4.9184, 146, 100
Random_100, 4.9237, 224, 100
Random_100, 4.9295, 189, 100
Random_100, 4.9348, 170, 100
Random_100, 4.9406, 192, 100
Random_100, 4.9459, 170, 100
Random_100, 4.9517, 190, 100
Random_100, 4.9570, 171, 100
Random_100, 4.9628, 189, 100
Random_100, 4.9680, 171, 100
Random_100, 4.9739, 192, 100
Random_100, 4.9792, 169, 100
Random_100, 4.9850, 186, 100
Random_100, 4.9903, 174, 100
Random_100, 4.9961, 184, 100
Random_100, 5.0014, 175, 100
Random_100, 5.0072, 184, 100
Random_100, 5.0125, 175, 100
Random_100, 5.0183, 185, 100
Random_100, 5.0237, 175, 100
Random_100, 5.0294, 183, 100
Random_100, 5.0348, 176, 100
Random_100, 5.0405, 185, 100
Random_100, 5.0459, 171, 100
Random_100, 5.0517, 189, 100
Random_100, 5.0570, 171, 100
Random_100, 5.0628, 189, 100
Random_100, 5.0681, 171, 100
Random_100, 5.0739, 190, 100
Random_100, 5.0792, 170, 100
Random_100, 5.0850, 190, 100
Random_100, 5.0903, 171, 100
Random_100, 5.0961, 189, 100
Random_100, 5.1014, 171, 100
Random_100, 5.1072, 186, 100
Random_100, 5.1125, 173, 100
Random_100, 5.1183, 186, 100
Random_100, 5.1237, 174, 100
Random_100, 5.1295, 186, 100
Random_100, 5.1348, 172, 100
Random_100, 5.1405, 186, 100
Random_100, 5.1459, 178, 100
Random_100, 5.1516, 183, 100
Random_100, 5.1570, 175, 100
Random_100, 5.1628, 184, 100
Random_100, 5.1681, 170, 100
Random_100, 5.1739, 191, 100
Random_100, 5.1792, 172, 100
Random_100, 5.1850, 187, 100
Random_100, 5.1903, 173, 100
Random_100, 5.1961, 189, 100
Random_100, 5.2014, 173, 100
Random_100, 5.2071, 188, 100
Random_100, 5.2125, 173, 100
Random_100, 5.2183, 187, 100
Random_100, 5.2237, 169, 100
Random_100, 5.2295, 187, 100
Random_100, 5.2348, 174, 100
Random_100, 5.2406, 186, 100
Random_100, 5.2459, 173, 100
Random_100, 5.2517, 185, 100
Random_100, 5.2570, 175, 100
Random_100, 5.2628, 185, 100
Random_100, 5.2681, 175, 100
Random_100, 5.2738, 185, 100
Random_100, 5.2792, 175, 100
Random_100, 5.2850, 184, 100
Random_100, 5.2903, 171, 100
Random_100, 5.2961, 189, 100
Random_100, 5.3014, 170, 100
Random_100, 5.3073, 190, 100
Random_100, 5.3126, 171, 100
Random_100, 5.3184, 189, 100
Random_100, 5.3237, 170, 100
Random_100, 5.3295, 190, 100
Random_100, 5.3348, 170, 100
Random_100, 5.3406, 190, 100
Random_100, 5.3459, 171, 100
Random_100, 5.3517, 185, 100
Random_100, 5.3570, 175, 100
Random_100, 5.3628, 186, 100
Random_100, 5.3681, 174, 100
Random_100, 5.3739, 185, 100
Random_100, 5.3792, 175, 100
Random_100, 5.3850, 184, 100
Random_100, 5.3903, 176, 100
Random_100, 5.3961, 184, 100
Random_100, 5.4015, 176, 100
Random_100, 5.4073, 183, 100
Random_100, 5.4126, 171, 100
Random_100, 5.4183, 190, 100
Random_100, 5.4237, 175, 100
Random_100, 5.4295, 185, 100
Random_100, 5.4348, 171, 100
Random_100, 5.4406, 189, 100
Random_100, 5.4458, 169, 100
Random_100, 5.4517, 192, 100
Random_100, 5.4570, 172, 100
Random_100, 5.4628, 189, 100
Random_100, 5.4681, 172, 100
Random_100, 5.4739, 189, 100
Random_100, 5.4792, 171, 100
Random_100, 5.4850, 187, 100
Random_100, 5.4903, 173, 100
Random_100, 5.4960, 185, 100
Random_100, 5.5015, 178, 100
Random_100, 5.5072, 180, 100
Random_100, 5.5125, 176, 100
Random_100, 5.5183, 185, 100
Random_100, 5.5237, 175, 100
Random_100, 5.5294, 182, 100
Random_100, 5.5349, 177, 100
Random_100, 5.5405, 182, 100
Random_100, 5.5458, 178, 100
Random_100, 5.5517, 188, 100
Random_100, 5.5570, 169, 100
Random_100, 5.5627, 189, 100
Random_100, 5.5681, 177, 100
Random_100, 5.5739, 182, 100
Random_100, 5.5792, 171, 100
Random_100, 5.5850, 190, 100
Random_100, 5.5903, 171, 100
Random_100, 5.5960, 189, 100
Random_100, 5.6014, 175, 100
Random_100, 5.6073, 181, 100
Random_100, 5.6126, 174, 100
Random_100, 5.6183, 185, 100
Random_100, 5.6237, 175, 100
Random_100, 5.6294, 185, 100
Random_100, 5.6348, 175, 100
Random_100, 5.6405, 185, 100
Random_100, 5.6459, 177, 100
Random_100, 5.6516, 182, 100
Random_100, 5.6570, 176, 100
Random_100, 5.6628, 183, 100
Random_100, 5.6681, 171, 100
Random_100, 5.6739, 190, 100
Random_100, 5.6792, 174, 100
Random_100, 5.6851, 185, 100
Random_100, 5.6903, 170, 100
Random_100, 5.6961, 189, 100
Random_100, 5.7014, 173, 100
Random_100, 5.7072, 185, 100
Random_100, 5.7125, 173, 100
Random_100, 5.7184, 190, 100
Random_100, 5.7236, 171, 100
Random_100, 5.7295, 189, 100
Random_100, 5.7349, 166, 100
Random_100, 5.7405, 188, 100
Random_100, 5.7459, 180, 100
Random_100, 5.7517, 181, 100
Random_100, 5.7570, 175, 100
Random_100, 5.7628, 184, 100
Random_100, 5.7681, 176, 100
Random_100, 5.7739, 184, 100
Random_100, 5.7792, 176, 100
Random_100, 5.7851, 185, 100
Random_100, 5.7903, 169, 100
Random_100, 5.7961, 191, 100
Random_100, 5.8015, 175, 100
Random_100, 5.8073, 183, 100
Random_100, 5.8125, 171, 100
Random_100, 5.8185, 191, 100
Random_100, 5.8238, 168, 100
Random_100, 5.8296, 189, 100
Random_100, 5.8348, 171, 100
Random_100, 5.8406, 192, 100
Random_100, 5.8460, 171, 100
Random_100, 5.8518, 184, 100
Random_100, 5.8570, 173, 100
Random_100, 5.8627, 194, 100
Random_100, 5.8681, 173, 100
Random_100, 5.8739, 184, 100
Random_100, 5.8792, 174, 100
Random_100, 5.8850, 184, 100
Random_100, 5.8904, 175, 100
Random_100, 5.8961, 183, 100
Random_100, 5.9015, 176, 100
Random_100, 5.9073, 182, 100
Random_100, 5.9126, 171, 100
Random_100, 5.9184, 190, 100
Random_100, 5.9238, 171, 100
Random_100, 5.9295, 188, 100
Random_100, 5.9348, 172, 100
Random_100, 5.9406, 190, 100
Random_100, 5.9459, 172, 100
Random_100, 5.9517, 190, 100
Random_100, 5.9570, 170, 100
Random_100, 5.9628, 191, 100
Random_100, 5.9681, 171, 100
Random_100, 5.9739, 186, 100
Random_100, 5.9792, 174, 100
Random_100, 5.9851, 185, 100
Random_100, 5.9904, 171, 100
Random_100, 5.9962, 185, 100
Random_100, 6.0016, 176, 100
Random_100, 6.0072, 183, 100
Random_100, 6.0125, 179, 100
Random_100, 6.0184, 185, 100
Random_100, 6.0238, 173, 100
Random_100, 6.0294, 184, 100
Random_100, 6.0349, 178, 100
Random_100, 6.0406, 178, 100
Random_100, 6.0460, 176, 100
Random_100, 6.0519, 188, 100
Random_100, 6.0571, 169, 100
Random_100, 6.0628, 192, 100
Random_100, 6.0683, 175, 100
Random_100, 6.0739, 182, 100
Random_100, 6.0792, 176, 100
Random_100, 6.0851, 188, 100
Random_100, 6.0904, 167, 100
Random_100, 6.0962, 187, 100
Random_100, 6.1015, 173, 100
Random_100, 6.1071, 189, 100
Random_100, 6.1125, 179, 100
Random_100, 6.1184, 183, 100
Random_100, 6.1237, 171, 100
Random_100, 6.1295, 185, 100
Random_100, 6.1347, 176, 100
Random_100, 6.1404, 187, 100
Random_100, 6.1458, 177, 100
Random_100, 6.1517, 187, 100
Random_100, 6.1570, 166, 100
Random_100, 6.1628, 191, 100
Random_100, 6.1681, 170, 100
Random_100, 6.1740, 189, 100
Random_100, 6.1792, 169, 100
Random_100, 6.1850, 192, 100
Random_100, 6.1902, 171, 100
Random_100, 6.1961, 190, 100
Random_100, 6.2014, 171, 100
Random_100, 6.2071, 187, 100
Random_100, 6.2125, 176, 100
Random_100, 6.2183, 185, 100
Random_100, 6.2236, 172, 100
Random_100, 6.2294, 186, 100
Random_100, 6.2347, 172, 100
Random_100, 6.2404, 194, 100
Random_100, 6.2459, 172, 100
Random_100, 6.2516, 183, 100
Random_100, 6.2570, 172, 100
Random_100, 6.2627, 189, 100
Random_100, 6.2681, 174, 100
Random_100, 6.2738, 183, 100
Random_100, 6.2792, 174, 100
Random_100, 6.2850, 186, 100
Random_100, 6.2903, 171, 100
Random_100, 6.2961, 189, 100
Random_100, 6.3014, 172, 100
Random_100, 6.3072, 189, 100
Random_100, 6.3125, 171, 100
Random_100, 6.3183, 188, 100
Random_100, 6.3236, 172, 100
Random_100, 6.3294, 188, 100
Random_100, 6.3348, 172, 100
Random_100, 6.3406, 186, 100
Random_100, 6.3459, 174, 100
Random_100, 6.3517, 185, 100
Random_100, 6.3570, 174, 100
Random_100, 6.3628, 185, 100
Random_100, 6.3681, 175, 100
Random_100, 6.3739, 186, 100
Random_100, 6.3792, 174, 100
Random_100, 6.3849, 184, 100
Random_100, 6.3903, 178, 100
Random_100, 6.3961, 181, 100
Random_100, 6.4014, 177, 100
Random_100, 6.4072, 184, 100
Random_100, 6.4125, 172, 100
Random_100, 6.4183, 188, 100
Random_100, 6.4237, 176, 100
Random_100, 6.4295, 184, 100
Random_100, 6.4348, 171, 100
Random_100, 6.4406, 190, 100
Random_100, 6.4459, 171, 100
Random_100, 6.4517, 190, 100
Random_100, 6.4570, 171, 100
Random_100, 6.4628, 189, 100
Random_100, 6.4681, 171, 100
Random_100, 6.4739, 186, 100
Random_100, 6.4792, 174, 100
Random_100, 6.4850, 186, 100
Random_100, 6.4903, 174, 100
Random_100, 6.4960, 184, 100
Random_100, 6.5014, 178, 100
Random_100, 6.5072, 181, 100
Random_100, 6.5125, 176, 100
Random_100, 6.5182, 184, 100
Random_100, 6.5236, 177, 100
Random_100, 6.5294, 182, 100
Random_100, 6.5348, 172, 100
Random_100, 6.5405, 188, 100
Random_100, 6.5458, 176, 100
Random_100, 6.5517, 187, 100
Random_100, 6.5570, 168, 100
Random_100, 6.5628, 190, 100
Random_100, 6.5681, 171, 100
Random_100, 6.5739, 190, 100
Random_100, 6.5792, 171, 100
Random_100, 6.5850, 191, 100
Random_100, 6.5903, 170, 100
Random_100, 6.5960, 185, 100
Random_100, 6.6014, 178, 100
Random_100, 6.6072, 181, 100
Random_100, 6.6125, 175, 100
Random_100, 6.6183, 185, 100
Random_100, 6.6236, 175, 100
Random_100, 6.6294, 184, 100
Random_100, 6.6348, 177, 100
Random_100, 6.6405, 182, 100
Random_100, 6.6459, 175, 100
Random_100, 6.6517, 184, 100
Random_100, 6.6570, 172, 100
Random_100, 6.6628, 188, 100
Random_100, 6.6681, 171, 100
Random_100, 6.6739, 190, 100
Random_100, 6.6792, 170, 100
Random_100, 6.6850, 190, 100
Random_100, 6.6903, 170, 100
Random_100, 6.6961, 190, 100
Random_100, 6.7014, 171, 100
Random_100, 6.7072, 189, 100
Random_100, 6.7125, 170, 100
Random_100, 6.7183, 186, 100
Random_100, 6.7236, 174, 100
Random_100, 6.7294, 185, 100
Random_100, 6.7347, 174, 100
Random_100, 6.7405, 190, 100
Random_100, 6.7459, 172, 100
Random_100, 6.7518, 183, 100
Random_100, 6.7569, 167, 100
Random_100, 6.7627, 195, 100
Random_100, 6.7681, 175, 100
Random_100, 6.7739, 186, 100
Random_100, 6.7792, 173, 100
Random_100, 6.7851, 185, 100
Random_100, 6.7902, 170, 100
Random_100, 6.7960, 195, 100
Random_100, 6.8014, 173, 100
Random_100, 6.8072, 183, 100
Random_100, 6.8125, 171, 100
Random_100, 6.8182, 188, 100
Random_100, 6.8235, 175, 100
Random_100, 6.8293, 187, 100
Random_100, 6.8347, 176, 100
Random_100, 6.8406, 186, 100
Random_100, 6.8458, 166, 100
Random_100, 6.8517, 191, 100
Random_100, 6.8569, 171, 100
Random_100, 6.8627, 189, 100
Random_100, 6.8681, 175, 100
Random_100, 6.8738, 183, 100
Random_100, 6.8792, 173, 100
Random_100, 6.8849, 187, 100
Random_100, 6.8903, 175, 100
Random_100, 6.8961, 185, 100
Random_100, 6.9014, 174, 100
Random_100, 6.9073, 184, 100
Random_100, 6.9125, 169, 100
Random_100, 6.9182, 192, 100
Random_100, 6.9236, 176, 100
Random_100, 6.9294, 184, 100
Random_100, 6.9348, 171, 100
Random_100, 6.9406, 190, 100
Random_100, 6.9458, 170, 100
Random_100, 6.9517, 193, 100
Random_100, 6.9569, 168, 100
Random_100, 6.9628, 190, 100
Random_100, 6.9681, 171, 100
Random_100, 6.9739, 186, 100
Random_100, 6.9792, 173, 100
Random_100, 6.9850, 187, 100
Random_100, 6.9903, 171, 100
Random_100, 6.9961, 187, 100
Random_100, 7.0014, 175, 100
Random_100, 7.0072, 189, 100
Random_100, 7.0125, 170, 100
Random_100, 7.0182, 190, 100
Random_100, 7.0236, 175, 100
Random_100, 7.0294, 183, 100
Random_100, 7.0347, 172, 100
Random_100, 7.0405, 189, 100
Random_100, 7.0458, 171, 100
Random_100, 7.0516, 190, 100
Random_100, 7.0570, 170, 100
Random_100, 7.0628, 186, 100
Random_100, 7.0680, 173, 100
Random_100, 7.0738, 189, 100
Random_100, 7.0791, 174, 100
Random_100, 7.0850, 189, 100
Random_100, 7.0903, 169, 100
Random_100, 7.0961, 185, 100
Random_100, 7.1014, 175, 100
Random_100, 7.1072, 185, 100
Random_100, 7.1124, 175, 100
Random_100, 7.1184, 190, 100
Random_100, 7.1237, 167, 100
Random_100, 7.1295, 184, 100
Random_100, 7.1347, 176, 100
Random_100, 7.1404, 188, 100
Random_100, 7.1459, 177, 100
Random_100, 7.1516, 182, 100
Random_100, 7.1569, 173, 100
Random_100, 7.1628, 192, 100
Random_100, 7.1681, 168, 100
Random_100, 7.1739, 189, 100
Random_100, 7.1792, 170, 100
Random_100, 7.1865, 190, 100
Random_100, 7.1903, 134, 100
Random_100, 7.1961, 264, 100
Random_100, 7.2014, 174, 100
Random_100, 7.2072, 189, 100
Random_100, 7.2125, 170, 100
Random_100, 7.2183, 190, 100
Random_100, 7.2237, 171, 100
Random_100, 7.2295, 184, 100
Random_100, 7.2348, 172, 100
Random_100, 7.2405, 189, 100
Random_100, 7.2459, 177, 100
Random_100, 7.2516, 182, 100
Random_100, 7.2570, 178, 100
Random_100, 7.2627, 182, 100
Random_100, 7.2681, 177, 100
Random_100, 7.2739, 183, 100
Random_100, 7.2792, 171, 100
Random_100, 7.2849, 190, 100
Random_100, 7.2903, 176, 100
Random_100, 7.2961, 183, 100
Random_100, 7.3014, 172, 100
Random_100, 7.3072, 189, 100
Random_100, 7.3125, 171, 100
Random_100, 7.3183, 190, 100
Random_100, 7.3236, 171, 100
Random_100, 7.3293, 189, 100
Random_100, 7.3348, 175, 100
Random_100, 7.3404, 181, 100
Random_100, 7.3459, 178, 100
Random_100, 7.3517, 182, 100
Random_100, 7.3569, 174, 100
Random_100, 7.3628, 189, 100
Random_100, 7.3681, 171, 100
Random_100, 7.3739, 184, 100
Random_100, 7.3792, 175, 100
Random_100, 7.3849, 185, 100
Random_100, 7.3903, 175, 100
Random_100, 7.3961, 183, 100
Random_100, 7.4014, 176, 100
Random_100, 7.4072, 184, 100
Random_100, 7.4125, 172, 100
Random_100, 7.4183, 189, 100
Random_100, 7.4236, 171, 100
Random_100, 7.4294, 190, 100
Random_100, 7.4348, 171, 100
Random_100, 7.4406, 189, 100
Random_100, 7.4459, 170, 100
Random_100, 7.4516, 190, 100
Random_100, 7.4570, 175, 100
Random_100, 7.4628, 181, 100
Random_100, 7.4681, 175, 100
Random_100, 7.4739, 185, 100
Random_100, 7.4792, 174, 100
Random_100, 7.4850, 185, 100
Random_100, 7.4903, 175, 100
Random_100, 7.4960, 184, 100
Random_100, 7.5014, 178, 100
Random_100, 7.5072, 182, 100
Random_100, 7.5125, 175, 100
Random_100, 7.5183, 184, 100
Random_100, 7.5236, 176, 100
Random_100, 7.5295, 184, 100
Random_100, 7.5348, 171, 100
Random_100, 7.5406, 190, 100
Random_100, 7.5459, 171, 100
Random_100, 7.5517, 189, 100
Random_100, 7.5570, 171, 100
Random_100, 7.5628, 190, 100
Random_100, 7.5681, 171, 100
Random_100, 7.5739, 190, 100
Random_100, 7.5792, 170, 100
Random_100, 7.5849, 190, 100
Random_100, 7.5904, 174, 100
Random_100, 7.5961, 179, 100
Random_100, 7.6014, 176, 100
Random_100, 7.6072, 186, 100
Random_100, 7.6125, 175, 100
Random_100, 7.6182, 185, 100
Random_100, 7.6237, 177, 100
Random_100, 7.6294, 182, 100
Random_100, 7.6348, 176, 100
Random_100, 7.6405, 183, 100
Random_100, 7.6459, 172, 100
Random_100, 7.6517, 188, 100
Random_100, 7.6569, 170, 100
Random_100, 7.6627, 194, 100
Random_100, 7.6681, 173, 100
Random_100, 7.6740, 185, 100
Random_100, 7.6792, 168, 100
Random_100, 7.6850, 191, 100
Random_100, 7.6903, 173, 100
Random_100, 7.6961, 189, 100
Random_100, 7.7014, 171, 100
Random_100, 7.7072, 190, 100
Random_100, 7.7126, 171, 100
Random_100, 7.7182, 185, 100
Random_100, 7.7236, 178, 100
Random_100, 7.7294, 182, 100
Random_100, 7.7347, 174, 100
Random_100, 7.7404, 190, 100
Random_100, 7.7459, 173, 100
Random_100, 7.7516, 181, 100
Random_100, 7.7570, 176, 100
Random_100, 7.7627, 183, 100
Random_100, 7.7681, 176, 100
Random_100, 7.7739, 184, 100
Random_100, 7.7791, 171, 100
Random_100, 7.7850, 193, 100
Random_100, 7.7902, 167, 100
Random_100, 7.7961, 194, 100
Random_100, 7.8014, 169, 100
Random_100, 7.8072, 192, 100
Random_100, 7.8125, 169, 100
Random_100, 7.8183, 189, 100
Random_100, 7.8236, 171, 100
Random_100, 7.8295, 191, 100
Random_100, 7.8348, 170, 100
Random_100, 7.8405, 185, 100
Random_100, 7.8459, 174, 100
Random_100, 7.8517, 186, 100
Random_100, 7.8570, 174, 100
Random_100, 7.8627, 184, 100
Random_100, 7.8681, 177, 100
Random_100, 7.8738, 182, 100
Random_100, 7.8791, 175, 100
Random_100, 7.8849, 189, 100
Random_100, 7.8903, 172, 100
Random_100, 7.8961, 183, 100
Random_100, 7.9014, 171, 100
Random_100, 7.9072, 190, 100
Random_100, 7.9125, 171, 100
Random_100, 7.9183, 190, 100
Random_100, 7.9236, 171, 100
Random_100, 7.9294, 189, 100
Random_100, 7.9348, 171, 100
Random_100, 7.9406, 189, 100
Random_100, 7.9459, 170, 100
Random_100, 7.9517, 190, 100
Random_100, 7.9569, 171, 100
Random_100, 7.9628, 189, 100
Random_100, 7.9681, 171, 100
Random_100, 7.9738, 186, 100
Random_100, 7.9792, 176, 100
Random_100, 7.9849, 182, 100
Random_100, 7.9903, 178, 100
Random_100, 7.9961, 181, 100
Random_100, 8.0014, 176, 100
Random_100, 8.0072, 184, 100
Random_100, 8.0125, 176, 100
Random_100, 8.0183, 184, 100
Random_100, 8.0237, 172, 100
Random_100, 8.0294, 188, 100
Random_100, 8.0348, 172, 100
Random_100, 8.0405, 188, 100
Random_100, 8.0459, 171, 100
Random_100, 8.0517, 190, 100
Random_100, 8.0570, 170, 100
Random_100, 8.0628, 190, 100
Random_100, 8.0681, 171, 100
Random_100, 8.0739, 189, 100
Random_100, 8.0792, 171, 100
Random_100, 8.0850, 186, 100
Random_100, 8.0903, 174, 100
Random_100, 8.0960, 185, 100
Random_100, 8.1014, 177, 100
Random_100, 8.1072, 181, 100
Random_100, 8.1125, 175, 100
Random_100, 8.1184, 185, 100
Random_100, 8.1238, 173, 100
Random_100, 8.1295, 183, 100
Random_100, 8.1348, 176, 100
Random_100, 8.1405, 187, 100
Random_100, 8.1458, 172, 100
Random_100, 8.1517, 192, 100
Random_100, 8.1570, 167, 100
Random_100, 8.1628, 190, 100
Random_100, 8.1681, 171, 100
Random_100, 8.1739, 189, 100
Random_100, 8.1792, 170, 100
Random_100, 8.1850, 189, 100
Random_100, 8.1903, 172, 100
Random_100, 8.1960, 189, 100
Random_100, 8.2014, 174, 100
Random_100, 8.2072, 182, 100
Random_100, 8.2125, 174, 100
Random_100, 8.2183, 188, 100
Random_100, 8.2237, 173, 100
Random_100, 8.2294, 183, 100
Random_100, 8.2348, 176, 100
Random_100, 8.2405, 184, 100
Random_100, 8.2459, 177, 100
Random_100, 8.2516, 182, 100
Random_100, 8.2570, 176, 100
Random_100, 8.2628, 184, 100
Random_100, 8.2681, 171, 100
Random_100, 8.2739, 190, 100
Random_100, 8.2792, 170, 100
Random_100, 8.2850, 190, 100
Random_100, 8.2903, 171, 100
Random_100, 8.2960, 189, 100
Random_100, 8.3014, 175, 100
Random_100, 8.3072, 184, 100
Random_100, 8.3125, 170, 100
Random_100, 8.3184, 190, 100
Random_100, 8.3236, 170, 100
Random_100, 8.3294, 190, 100
Random_100, 8.3348, 171, 100
Random_100, 8.3406, 185, 100
Random_100, 8.3459, 174, 100
Random_100, 8.3517, 186, 100
Random_100, 8.3570, 174, 100
Random_100, 8.3628, 184, 100
Random_100, 8.3681, 176, 100
Random_100, 8.3739, 184, 100
Random_100, 8.3792, 175, 100
Random_100, 8.3850, 184, 100
Random_100, 8.3903, 176, 100
Random_100, 8.3962, 184, 100
Random_100, 8.4014, 170, 100
Random_100, 8.4072, 191, 100
Random_100, 8.4125, 170, 100
Random_100, 8.4184, 190, 100
Random_100, 8.4236, 170, 100
Random_100, 8.4294, 190, 100
Random_100, 8.4347, 170, 100
Random_100, 8.4405, 190, 100
Random_100, 8.4458, 171, 100
Random_100, 8.4517, 190, 100
Random_100, 8.4570, 171, 100
Random_100, 8.4628, 185, 100
Random_100, 8.4681, 175, 100
Random_100, 8.4739, 186, 100
Random_100, 8.4792, 174, 100
Random_100, 8.4850, 186, 100
Random_100, 8.4903, 174, 100
Random_100, 8.4961, 185, 100
Random_100, 8.5014, 175, 100
Random_100, 8.5072, 185, 100
Random_100, 8.5125, 175, 100
Random_100, 8.5182, 184, 100
Random_100, 8.5237, 174, 100
Random_100, 8.5293, 186, 100
Random_100, 8.5347, 176, 100
Random_100, 8.5405, 184, 100
Random_100, 8.5459, 171, 100
Random_100, 8.5517, 190, 100
Random_100, 8.5570, 171, 100
Random_100, 8.5628, 189, 100
Random_100, 8.5681, 171, 100
Random_100, 8.5739, 190, 100
Random_100, 8.5792, 171, 100
Random_100, 8.5850, 190, 100
Random_100, 8.5903, 171, 100
Random_100, 8.5960, 186, 100
Random_100, 8.6014, 177, 100
Random_100, 8.6072, 181, 100
Random_100, 8.6125, 175, 100
Random_100, 8.6182, 185, 100
Random_100, 8.6236, 176, 100
Random_100, 8.6294, 182, 100
Random_100, 8.6348, 175, 100
Random_100, 8.6405, 184, 100
Random_100, 8.6459, 176, 100
Random_100, 8.6517, 184, 100
Random_100, 8.6570, 170, 100
Random_100, 8.6628, 190, 100
Random_100, 8.6681, 172, 100
Random_100, 8.6738, 189, 100
Random_100, 8.6792, 175, 100
Random_100, 8.6850, 185, 100
Random_100, 8.6903, 170, 100
Random_100, 8.6960, 190, 100
Random_100, 8.7014, 175, 100
Random_100, 8.7072, 182, 100
Random_100, 8.7125, 174, 100
Random_100, 8.7183, 186, 100
Random_100, 8.7236, 174, 100
Random_100, 8.7294, 189, 100
Random_100, 8.7347, 171, 100
Random_100, 8.7404, 186, 100
Random_100, 8.7459, 176, 100
Random_100, 8.7516, 182, 100
Random_100, 8.7570, 177, 100
Random_100, 8.7627, 182, 100
Random_100, 8.7680, 176, 100
Random_100, 8.7739, 185, 100
Random_100, 8.7792, 169, 100
Random_100, 8.7850, 190, 100
Random_100, 8.7903, 172, 100
Random_100, 8.7960, 188, 100
Random_100, 8.8014, 176, 100
Random_100, 8.8072, 185, 100
Random_100, 8.8125, 169, 100
Random_100, 8.8182, 191, 100
Random_100, 8.8237, 175, 100
Random_100, 8.8294, 180, 100
Random_100, 8.8347, 175, 100
Random_100, 8.8405, 187, 100
Random_100, 8.8459, 173, 100
Random_100, 8.8516, 186, 100
Random_100, 8.8570, 175, 100
Random_100, 8.8627, 183, 100
Random_100, 8.8681, 177, 100
Random_100, 8.8738, 184, 100
Random_100, 8.8791, 175, 100
Random_100, 8.8849, 189, 100
Random_100, 8.8903, 172, 100
Random_100, 8.8961, 183, 100
Random_100, 8.9014, 170, 100
Random_100, 8.9072, 192, 100
Random_100, 8.9125, 169, 100
Random_100, 8.9183, 191, 100
Random_100, 8.9236, 172, 100
Random_100, 8.9294, 189, 100
Random_100, 8.9347, 170, 100
Random_100, 8.9406, 191, 100
Random_100, 8.9459, 170, 100
Random_100, 8.9516, 186, 100
Random_100, 8.9570, 175, 100
Random_100, 8.9628, 185, 100
Random_100, 8.9681, 174, 100
Random_100, 8.9738, 186, 100
Random_100, 8.9792, 175, 100
Random_100, 8.9850, 183, 100
Random_100, 8.9902, 176, 100
Random_100, 8.9960, 189, 100
Random_100, 9.0014, 171, 100
Random_100, 9.0071, 184, 100
Random_100, 9.0125, 175, 100
Random_100, 9.0183, 184, 100
Random_100, 9.0235, 170, 100
Random_100, 9.0294, 194, 100
Random_100, 9.0347, 168, 100
Random_100, 9.0404, 190, 100
Random_100, 9.0458, 175, 100
Random_100, 9.0516, 184, 100
Random_100, 9.0569, 171, 100
Random_100, 9.0627, 190, 100
Random_100, 9.0680, 171, 100
Random_100, 9.0739, 190, 100
Random_100, 9.0792, 170, 100
Random_100, 9.0850, 186, 100
Random_100, 9.0903, 174, 100
Random_100, 9.0960, 184, 100
Random_100, 9.1014, 178, 100
Random_100, 9.1071, 181, 100
Random_100, 9.1125, 177, 100
Random_100, 9.1184, 183, 100
Random_100, 9.1237, 171, 100
Random_100, 9.1295, 184, 100
Random_100, 9.1347, 176, 100
Random_100, 9.1405, 188, 100
Random_100, 9.1458, 173, 100
Random_100, 9.1516, 187, 100
Random_100, 9.1569, 172, 100
Random_100, 9.1626, 188, 100
Random_100, 9.1680, 176, 100
Random_100, 9.1739, 184, 100
Random_100, 9.1792, 170, 100
Random_100, 9.1850, 190, 100
Random_100, 9.1903, 171, 100
Random_100, 9.1961, 189, 100
Random_100, 9.2014, 171, 100
Random_100, 9.2072, 185, 100
Random_100, 9.2125, 174, 100
Random_100, 9.2182, 185, 100
Random_100, 9.2236, 177, 100
Random_100, 9.2294, 182, 100
Random_100, 9.2347, 175, 100
Random_100, 9.2404, 184, 100
Random_100, 9.2458, 177, 100
Random_100, 9.2515, 182, 100
Random_100, 9.2569, 177, 100
Random_100, 9.2627, 183, 100
Random_100, 9.2681, 176, 100
Random_100, 9.2739, 184, 100
Random_100, 9.2791, 170, 100
Random_100, 9.2850, 191, 100
Random_100, 9.2903, 170, 100
Random_100, 9.2961, 189, 100
Random_100, 9.3014, 172, 100
Random_100, 9.3072, 189, 100
Random_100, 9.3125, 170, 100
Random_100, 9.3183, 191, 100
Random_100, 9.3236, 171, 100
Random_100, 9.3294, 185, 100
Random_100, 9.3347, 177, 100
Random_100, 9.3406, 187, 100
Random_100, 9.3459, 170, 100
Random_100, 9.3517, 185, 100
Random_100, 9.3570, 174, 100
Random_100, 9.3628, 187, 100
Random_100, 9.3681, 173, 100
Random_100, 9.3738, 188, 100
Random_100, 9.3792, 171, 100
Random_100, 9.3850, 189, 100
Random_100, 9.3903, 170, 100
Random_100, 9.3961, 188, 100
Random_100, 9.4014, 170, 100
Random_100, 9.4072, 189, 100
Random_100, 9.4125, 171, 100
Random_100, 9.4183, 188, 100
Random_100, 9.4236, 175, 100
Random_100, 9.4294, 186, 100
Random_100, 9.4347, 173, 100
Random_100, 9.4405, 192, 100
Random_100, 9.4458, 169, 100
Random_100, 9.4516, 187, 100
Random_100, 9.4569, 172, 100
Random_100, 9.4642, 189, 100
Random_100, 9.4680, 136, 100
Random_100, 9.4739, 267, 100
Random_100, 9.4792, 170, 100
Random_100, 9.4849, 186, 100
Random_100, 9.4903, 175, 100
Random_100, 9.4961, 183, 100
Random_100, 9.5014, 176, 100
Random_100, 9.5072, 184, 100
Random_100, 9.5125, 170, 100
Random_100, 9.5182, 190, 100
Random_100, 9.5236, 176, 100
Random_100, 9.5294, 186, 100
Random_100, 9.5347, 168, 100
Random_100, 9.5406, 192, 100
Random_100, 9.5459, 169, 100
Random_100, 9.5516, 191, 100
Random_100, 9.5570, 171, 100
Random_100, 9.5628, 188, 100
Random_100, 9.5680, 171, 100
Random_100, 9.5739, 190, 100
Random_100, 9.5792, 170, 100
Random_100, 9.5850, 186, 100
Random_100, 9.5903, 175, 100
Random_100, 9.5960, 184, 100
Random_100, 9.6014, 178, 100
Random_100, 9.6072, 183, 100
Random_100, 9.6125, 174, 100
Random_100, 9.6182, 190, 100
Random_100, 9.6236, 172, 100
Random_100, 9.6294, 183, 100
Random_100, 9.6347, 175, 100
Random_100, 9.6405, 185, 100
Random_100, 9.6459, 174, 100
Random_100, 9.6516, 185, 100
Random_100, 9.6570, 172, 100
Random_100, 9.6628, 188, 100
Random_100, 9.6680, 171, 100
Random_100, 9.6739, 191, 100
Random_100, 9.6792, 169, 100
Random_100, 9.6850, 191, 100
Random_100, 9.6903, 171, 100
Random_100, 9.6960, 189, 100
Random_100, 9.7014, 174, 100
Random_100, 9.7072, 183, 100
Random_100, 9.7125, 173, 100
Random_100, 9.7183, 190, 100
Random_100, 9.7236, 172, 100
Random_100, 9.7294, 184, 100
Random_100, 9.7347, 175, 100
Random_100, 9.7404, 185, 100
Random_100, 9.7459, 176, 100
Random_100, 9.7515, 182, 100
Random_100, 9.7570, 178, 100
Random_100, 9.7627, 181, 100
Random_100, 9.7681, 176, 100
Random_100, 9.7739, 185, 100
Random_100, 9.7792, 170, 100
Random_100, 9.7850, 190, 100
Random_100, 9.7903, 171, 100
Random_100, 9.7961, 189, 100
Random_100, 9.8014, 170, 100
Random_100, 9.8072, 191, 100
Random_100, 9.8124, 169, 100
Random_100, 9.8183, 192, 100
Random_100, 9.8236, 170, 100
Random_100, 9.8294, 186, 100
Random_100, 9.8347, 174, 100
Random_100, 9.8405, 186, 100
Random_100, 9.8459, 174, 100
Random_100, 9.8516, 184, 100
Random_100, 9.8570, 176, 100
Random_100, 9.8627, 183, 100
Random_100, 9.8680, 177, 100
Random_100, 9.8738, 184, 100
Random_100, 9.8792, 175, 100
Random_100, 9.8850, 184, 100
Random_100, 9.8903, 171, 100
Random_100, 9.8961, 189, 100
Random_100, 9.9014, 172, 100
Random_100, 9.9072, 189, 100
Random_100, 9.9125, 169, 100
Random_100, 9.9183, 191, 100
Random_100, 9.9236, 170, 100
Random_100, 9.9294, 190, 100
Random_100, 9.9347, 171, 100
Random_100, 9.9405, 190, 100
Random_100, 9.9459, 170, 100
Random_100, 9.9516, 185, 100
Random_100, 9.9570, 175, 100
Random_100, 9.9628, 185, 100
Random_100, 9.9680, 174, 100
Random_100, 9.9738, 186, 100
Random_100, 9.9792, 176, 100
Random_100, 9.9849, 183, 100
Random_100, 9.9903, 175, 100
Random_100, 9.9961, 182, 100
Random_100, 10.0014, 176, 100
Random_100, 10.0072, 185, 100
Random_100, 10.0125, 170, 100
Random_100, 10.0182, 193, 100
Random_100, 10.0236, 173, 100
Random_100, 10.0295, 184, 100
Random_100, 10.0347, 170, 100
Random_100, 10.0406, 191, 100
Random_100, 10.0458, 169, 100
Random_100, 10.0516, 193, 100
Random_100, 10.0569, 170, 100
Random_100, 10.0627, 188, 100
Random_100, 10.0680, 175, 100
Random_100, 10.0739, 183, 100
Random_100, 10.0792, 173, 100
Random_100, 10.0850, 185, 100
Random_100, 10.0903, 175, 100
Random_100, 10.0961, 185, 100
Random_100, 10.1014, 174, 100
Random_100, 10.1072, 185, 100
Random_100, 10.1125, 175, 100
Random_100, 10.1183, 189, 100
Random_100, 10.1237, 171, 100
Random_100, 10.1295, 182, 100
Random_100, 10.1347, 170, 100
Random_100, 10.1405, 193, 100
Random_100, 10.1459, 172, 100
Random_100, 10.1516, 188, 100
Random_100, 10.1570, 171, 100
Random_100, 10.1628, 189, 100
Random_100, 10.1680, 171, 100
Random_100, 10.1739, 190, 100
Random_100, 10.1792, 170, 100
Random_100, 10.1850, 190, 100
Random_100, 10.1903, 171, 100
Random_100, 10.1960, 184, 100
Random_100, 10.2014, 178, 100
Random_100, 10.2072, 183, 100
Random_100, 10.2125, 173, 100
Random_100, 10.2183, 190, 100
Random_100, 10.2236, 171, 100
Random_100, 10.2294, 183, 100
Random_100, 10.2347, 176, 100
Random_100, 10.2404, 186, 100
Random_100, 10.2459, 175, 100
Random_100, 10.2515, 182, 100
Random_100, 10.2570, 178, 100
Random_100, 10.2628, 181, 100
Random_100, 10.2680, 172, 100
Random_100, 10.2739, 189, 100
Random_100, 10.2792, 169, 100
Random_100, 10.2850, 191, 100
Random_100, 10.2903, 171, 100
Random_100, 10.2960, 189, 100
Random_100, 10.3014, 175, 100
Random_100, 10.3071, 186, 100
Random_100, 10.3125, 174, 100
Random_100, 10.3183, 182, 100
Random_100, 10.3236, 175, 100
Random_100, 10.3294, 185, 100
Random_100, 10.3347, 174, 100
Random_100, 10.3405, 186, 100
Random_100, 10.3459, 173, 100
Random_100, 10.3516, 185, 100
Random_100, 10.3570, 175, 100
Random_100, 10.3627, 183, 100
Random_100, 10.3680, 176, 100
Random_100, 10.3738, 186, 100
Random_100, 10.3792, 174, 100
Random_100, 10.3850, 184, 100
Random_100, 10.3903, 173, 100
Random_100, 10.3960, 187, 100
Random_100, 10.4014, 176, 100
Random_100, 10.4072, 185, 100
Random_100, 10.4125, 170, 100
Random_100, 10.4183, 190, 100
Random_100, 10.4236, 171, 100
Random_100, 10.4294, 189, 100
Random_100, 10.4347, 171, 100
Random_100, 10.4406, 190, 100
Random_100, 10.4459, 170, 100
Random_100, 10.4516, 187, 100
Random_100, 10.4570, 174, 100
Random_100, 10.4627, 185, 100
Random_100, 10.4680, 174, 100
Random_100, 10.4738, 187, 100
Random_100, 10.4792, 173, 100
Random_100, 10.4849, 185, 100
Random_100, 10.4903, 176, 100
Random_100, 10.4960, 182, 100
Random_100, 10.5014, 176, 100
Random_100, 10.5072, 185, 100
Random_100, 10.5125, 171, 100
Random_100, 10.5183, 189, 100
Random_100, 10.5236, 171, 100
Random_100, 10.5293, 191, 100
Random_100, 10.5347, 175, 100
Random_100, 10.5406, 186, 100
Random_100, 10.5458, 168, 100
Random_100, 10.5515, 191, 100
Random_100, 10.5569, 176, 100
Random_100, 10.5627, 184, 100
Random_100, 10.5680, 174, 100
Random_100, 10.5739, 187, 100
Random_100, 10.5792, 170, 100
Random_100, 10.5849, 185, 100
Random_100, 10.5903, 176, 100
Random_100, 10.5961, 183, 100
Random_100, 10.6014, 176, 100
Random_100, 10.6072, 185, 100
Random_100, 10.6124, 175, 100
Random_100, 10.6182, 189, 100
Random_100, 10.6236, 172, 100
Random_100, 10.6294, 187, 100
Random_100, 10.6347, 172, 100
Random_100, 10.6405, 185, 100
Random_100, 10.6458, 170, 100
Random_100, 10.6515, 189, 100
Random_100, 10.6570, 176, 100
Random_100, 10.6628, 183, 100
Random_100, 10.6680, 171, 100
Random_100, 10.6739, 188, 100
Random_100, 10.6792, 171, 100
Random_100, 10.6850, 188, 100
Random_100, 10.6903, 172, 100
Random_100, 10.6960, 187, 100
Random_100, 10.7013, 177, 100
Random_100, 10.7071, 188, 100
Random_100, 10.7125, 173, 100
Random_100, 10.7183, 182, 100
Random_100, 10.7236, 176, 100
Random_100, 10.7293, 183, 100
Random_100, 10.7347, 178, 100
Random_100, 10.7404, 183, 100
Random_100, 10.7458, 175, 100
Random_100, 10.7517, 187, 100
Random_100, 10.7570, 167, 100
Random_100, 10.7627, 189, 100
Random_100, 10.7680, 176, 100
Random_100, 10.7739, 185, 100
Random_100, 10.7792, 169, 100
Random_100, 10.7850, 191, 100
Random_100, 10.7903, 170, 100
Random_100, 10.7960, 190, 100
Random_100, 10.8014, 175, 100
Random_100, 10.8071, 186, 100
Random_100, 10.8125, 174, 100
Random_100, 10.8182, 181, 100
Random_100, 10.8236, 178, 100
Random_100, 10.8293, 182, 100
Random_100, 10.8347, 177, 100
Random_100, 10.8405, 182, 100
Random_100, 10.8458, 174, 100
Random_100, 10.8516, 190, 100
Random_100, 10.8570, 173, 100
Random_100, 10.8627, 181, 100
Random_100, 10.8680, 177, 100
Random_100, 10.8738, 186, 100
Random_100, 10.8792, 173, 100
Random_100, 10.8850, 184, 100
Random_100, 10.8903, 170, 100
Random_100, 10.8960, 191, 100
Random_100, 10.9014, 176, 100
Random_100, 10.9072, 184, 100
Random_100, 10.9125, 171, 100
Random_100, 10.9183, 190, 100
Random_100, 10.9236, 169, 100
Random_100, 10.9294, 191, 100
Random_100, 10.9347, 171, 100
Random_100, 10.9405, 187, 100
Random_100, 10.9458, 173, 100
Random_100, 10.9516, 190, 100
Random_100, 10.9569, 171, 100
Random_100, 10.9627, 184, 100
Random_100, 10.9681, 175, 100
Random_100, 10.9738, 185, 100
Random_100, 10.9791, 175, 100
Random_100, 10.9849, 186, 100
Random_100, 10.9903, 175, 100
Random_100, 10.9960, 182, 100
Random_100, 11.0014, 177, 100
Random_100, 11.0072, 183, 100
Random_100, 11.0125, 172, 100
Random_100, 11.0183, 190, 100
Random_100, 11.0236, 170, 100
Random_100, 11.0294, 189, 100
Random_100, 11.0347, 171, 100
Random_100, 11.0405, 192, 100
Random_100, 11.0458, 169, 100
Random_100, 11.0517, 190, 100
Random_100, 11.0569, 171, 100
Random_100, 11.0627, 191, 100
Random_100, 11.0681, 171, 100
Random_100, 11.0739, 184, 100
Random_100, 11.0792, 174, 100
Random_100, 11.0850, 185, 100
Random_100, 11.0903, 175, 100
Random_100, 11.0960, 184, 100
Random_100, 11.1014, 179, 100
Random_100, 11.1071, 180, 100
Random_100, 11.1124, 179, 100
Random_100, 11.1186, 190, 100
Random_100, 11.1237, 161, 100
Random_100, 11.1297, 195, 100
Random_100, 11.1347, 166, 100
Random_100, 11.1405, 201, 100
Random_100, 11.1458, 171, 100
Random_100, 11.1516, 188, 100
Random_100, 11.1570, 174, 100
Random_100, 11.1629, 184, 100
Random_100, 11.1681, 170, 100
Random_100, 11.1739, 189, 100
Random_100, 11.1792, 172, 100
Random_100, 11.1850, 191, 100
Random_100, 11.1903, 170, 100
Random_100, 11.1961, 187, 100
Random_100, 11.2014, 174, 100
Random_100, 11.2072, 186, 100
Random_100, 11.2125, 174, 100
Random_100, 11.2185, 186, 100
Random_100, 11.2236, 168, 100
Random_100, 11.2294, 194, 100
Random_100, 11.2348, 176, 100
Random_100, 11.2404, 183, 100
Random_100, 11.2458, 178, 100
Random_100, 11.2517, 183, 100
Random_100, 11.2570, 170, 100
Random_100, 11.2628, 188, 100
Random_100, 11.2680, 173, 100
Random_100, 11.2739, 192, 100
Random_100, 11.2792, 168, 100
Random_100, 11.2850, 190, 100
Random_100, 11.2903, 170, 100
Random_100, 11.2961, 190, 100
Random_100, 11.3014, 171, 100
Random_100, 11.3072, 190, 100
Random_100, 11.3125, 171, 100
Random_100, 11.3183, 187, 100
Random_100, 11.3236, 173, 100
Random_100, 11.3294, 186, 100
Random_100, 11.3347, 175, 100
Random_100, 11.3405, 185, 100
Random_100, 11.3457, 174, 100
Random_100, 11.3516, 191, 100
Random_100, 11.3569, 170, 100
Random_100, 11.3627, 185, 100
Random_100, 11.3681, 175, 100
Random_100, 11.3738, 184, 100
Random_100, 11.3792, 173, 100
Random_100, 11.3850, 187, 100
Random_100, 11.3903, 171, 100
Random_100, 11.3960, 188, 100
Random_100, 11.4014, 177, 100
Random_100, 11.4072, 184, 100
Random_100, 11.4125, 172, 100
Random_100, 11.4183, 188, 100
Random_100, 11.4236, 170, 100
Random_100, 11.4294, 190, 100
Random_100, 11.4347, 171, 100
Random_100, 11.4405, 186, 100
Random_100, 11.4458, 174, 100
Random_100, 11.4516, 187, 100
Random_100, 11.4569, 173, 100
Random_100, 11.4627, 187, 100
Random_100, 11.4681, 174, 100
Random_100, 11.4738, 185, 100
Random_100, 11.4792, 175, 100
Random_100, 11.4849, 186, 100
Random_100, 11.4903, 174, 100
Random_100, 11.4960, 183, 100
Random_100, 11.5014, 176, 100
Random_100, 11.5071, 183, 100
Random_100, 11.5125, 176, 100
Random_100, 11.5182, 184, 100
Random_100, 11.5236, 176, 100
Random_100, 11.5294, 184, 100
Random_100, 11.5347, 172, 100
Random_100, 11.5405, 188, 100
Random_100, 11.5458, 171, 100
Random_100, 11.5516, 189, 100
Random_100, 11.5570, 171, 100
Random_100, 11.5628, 185, 100
Random_100, 11.5680, 174, 100
Random_100, 11.5738, 187, 100
Random_100, 11.5791, 173, 100
Random_100, 11.5850, 187, 100
Random_100, 11.5903, 173, 100
Random_100, 11.5960, 186, 100
Random_100, 11.6014, 175, 100
Random_100, 11.6071, 184, 100
Random_100, 11.6125, 176, 100
Random_100, 11.6184, 185, 100
Random_100, 11.6237, 168, 100
Random_100, 11.6295, 190, 100
Random_100, 11.6347, 172, 100
Random_100, 11.6406, 191, 100
Random_100, 11.6458, 169, 100
Random_100, 11.6515, 191, 100
Random_100, 11.6569, 174, 100
Random_100, 11.6628, 186, 100
Random_100, 11.6680, 170, 100
Random_100, 11.6739, 191, 100
Random_100, 11.6791, 170, 100
Random_100, 11.6850, 190, 100
Random_100, 11.6904, 170, 100
Random_100, 11.6962, 185, 100
Random_100, 11.7016, 172, 100
Random_100, 11.7073, 183, 100
Random_100, 11.7125, 177, 100
Random_100, 11.7184, 189, 100
Random_100, 11.7236, 172, 100
Random_100, 11.7309, 187, 100
Random_100, 11.7348, 138, 100
Random_100, 11.7404, 258, 100
Random_100, 11.7459, 176, 100
Random_100, 11.7517, 183, 100
Random_100, 11.7570, 171, 100
Random_100, 11.7628, 190, 100
Random_100, 11.7681, 171, 100
Random_100, 11.7739, 189, 100
Random_100, 11.7792, 172, 100
Random_100, 11.7850, 189, 100
Random_100, 11.7903, 170, 100
Random_100, 11.7960, 190, 100
Random_100, 11.8014, 175, 100
Random_100, 11.8072, 185, 100
Random_100, 11.8125, 171, 100
Random_100, 11.8183, 190, 100
Random_100, 11.8236, 170, 100
Random_100, 11.8294, 186, 100
Random_100, 11.8347, 174, 100
Random_100, 11.8405, 190, 100
Random_100, 11.8459, 170, 100
Random_100, 11.8516, 186, 100
Random_100, 11.8570, 174, 100
Random_100, 11.8627, 185, 100
Random_100, 11.8681, 175, 100
Random_100, 11.8739, 185, 100
Random_100, 11.8792, 171, 100
Random_100, 11.8849, 189, 100
Random_100, 11.8903, 175, 100
Random_100, 11.8961, 185, 100
Random_100, 11.9014, 172, 100
Random_100, 11.9071, 188, 100
Random_100, 11.9125, 176, 100
Random_100, 11.9183, 185, 100
Random_100, 11.9235, 170, 100
Random_100, 11.9294, 192, 100
Random_100, 11.9347, 169, 100
Random_100, 11.9405, 189, 100
Random_100, 11.9459, 172, 100
Random_100, 11.9516, 185, 100
Random_100, 11.9570, 176, 100
Random_100, 11.9627, 183, 100
Random_100, 11.9681, 174, 100
Random_100, 11.9738, 186, 100
Random_100, 11.9792, 173, 100
Random_100, 11.9849, 186, 100
Random_100, 11.9903, 174, 100
Random_100, 11.9961, 185, 100
Random_100, 12.0014, 171, 100
Random_100, 12.0072, 189, 100
Random_100, 12.0125, 172, 100
Random_100, 12.0184, 189, 100
Random_100, 12.0237, 169, 100
Random_100, 12.0295, 189, 100
Random_100, 12.0348, 171, 100
Random_100, 12.0406, 189, 100
Random_100, 12.0459, 171, 100
Random_100, 12.0517, 190, 100
Random_100, 12.0569, 171, 100
Random_100, 12.0628, 190, 100
Random_100, 12.0682, 169, 100
Random_100, 12.0740, 186, 100
Random_100, 12.0794, 172, 100
Random_100, 12.0851, 182, 100
Random_100, 12.0905, 178, 100
Random_100, 12.0962, 181, 100
Random_100, 12.1015, 178, 100
Random_100, 12.1072, 185, 100
Random_100, 12.1125, 178, 100
Random_100, 12.1184, 184, 100
Random_100, 12.1238, 169, 100
Random_100, 12.1295, 188, 100
Random_100, 12.1347, 171, 100
Random_100, 12.1405, 193, 100
Random_100, 12.1459, 171, 100
Random_100, 12.1517, 188, 100
Random_100, 12.1570, 171, 100
Random_100, 12.1628, 190, 100
Random_100, 12.1681, 171, 100
Random_100, 12.1739, 189, 100
Random_100, 12.1792, 171, 100
Random_100, 12.1850, 186, 100
Random_100, 12.1903, 174, 100
Random_100, 12.1961, 190, 100
Random_100, 12.2014, 171, 100
Random_100, 12.2072, 185, 100
Random_100, 12.2125, 175, 100
Random_100, 12.2183, 185, 100
Random_100, 12.2237, 173, 100
Random_100, 12.2294, 186, 100
Random_100, 12.2348, 176, 100
Random_100, 12.2405, 184, 100
Random_100, 12.2459, 174, 100
Random_100, 12.2516, 186, 100
Random_100, 12.2570, 176, 100
Random_100, 12.2627, 184, 100
Random_100, 12.2681, 176, 100
Random_100, 12.2739, 184, 100
Random_100, 12.2792, 171, 100
Random_100, 12.2850, 189, 100
Random_100, 12.2903, 170, 100
Random_100, 12.2960, 190, 100
Random_100, 12.3014, 175, 100
Random_100, 12.3072, 182, 100
Random_100, 12.3125, 174, 100
Random_100, 12.3183, 189, 100
Random_100, 12.3237, 171, 100
Random_100, 12.3294, 186, 100
Random_100, 12.3347, 174, 100
Random_100, 12.3405, 190, 100
Random_100, 12.3459, 171, 100
Random_100, 12.3516, 184, 100
Random_100, 12.3570, 175, 100
Random_100, 12.3627, 185, 100
Random_100, 12.3681, 174, 100
Random_100, 12.3739, 185, 100
Random_100, 12.3792, 172, 100
Random_100, 12.3850, 187, 100
Random_100, 12.3903, 172, 100
Random_100, 12.3961, 190, 100
Random_100, 12.4014, 170, 100
Random_100, 12.4072, 190, 100
Random_100, 12.4125, 171, 100
Random_100, 12.4182, 188, 100
Random_100, 12.4237, 174, 100
Random_100, 12.4294, 184, 100
Random_100, 12.4347, 174, 100
Random_100, 12.4405, 189, 100
Random_100, 12.4458, 172, 100
Random_100, 12.4515, 186, 100
Random_100, 12.4569, 176, 100
Random_100, 12.4627, 184, 100
Random_100, 12.4681, 174, 100
Random_100, 12.4738, 186, 100
Random_100, 12.4792, 174, 100
Random_100, 12.4850, 184, 100
Random_100, 12.4903, 175, 100
Random_100, 12.4961, 186, 100
Random_100, 12.5014, 171, 100
Random_100, 12.5072, 188, 100
Random_100, 12.5125, 172, 100
Random_100, 12.5182, 188, 100
Random_100, 12.5236, 177, 100
Random_100, 12.5294, 184, 100
Random_100, 12.5347, 170, 100
Random_100, 12.5405, 190, 100
Random_100, 12.5458, 171, 100
Random_100, 12.5517, 189, 100
Random_100, 12.5569, 171, 100
Random_100, 12.5628, 188, 100
Random_100, 12.5681, 172, 100
Random_100, 12.5738, 186, 100
Random_100, 12.5792, 176, 100
Random_100, 12.5849, 183, 100
Random_100, 12.5903, 174, 100
Random_100, 12.5960, 186, 100
Random_100, 12.6014, 174, 100
Random_100, 12.6071, 185, 100
Random_100, 12.6125, 175, 100
Random_100, 12.6183, 185, 100
Random_100, 12.6236, 172, 100
Random_100, 12.6293, 187, 100
Random_100, 12.6346, 176, 100
Random_100, 12.6405, 187, 100
Random_100, 12.6458, 169, 100
Random_100, 12.6516, 188, 100
Random_100, 12.6569, 171, 100
Random_100, 12.6626, 190, 100
Random_100, 12.6680, 174, 100
Random_100, 12.6739, 186, 100
Random_100, 12.6792, 170, 100
Random_100, 12.6850, 187, 100
Random_100, 12.6903, 173, 100
Random_100, 12.6960, 187, 100
Random_100, 12.7014, 173, 100
Random_100, 12.7072, 186, 100
Random_100, 12.7125, 174, 100
Random_100, 12.7182, 186, 100
Random_100, 12.7236, 175, 100
Random_100, 12.7293, 185, 100
Random_100, 12.7347, 174, 100
Random_100, 12.7405, 185, 100
Random_100, 12.7458, 173, 100
Random_100, 12.7516, 186, 100
Random_100, 12.7569, 173, 100
Random_100, 12.7628, 187, 100
Random_100, 12.7681, 169, 100
Random_100, 12.7739, 191, 100
Random_100, 12.7792, 170, 100
Random_100, 12.7850, 190, 100
Random_100, 12.7903, 171, 100
Random_100, 12.7961, 190, 100
Random_100, 12.8014, 170, 100
Random_100, 12.8071, 187, 100
Random_100, 12.8125, 177, 100
Random_100, 12.8182, 182, 100
Random_100, 12.8236, 177, 100
Random_100, 12.8294, 183, 100
Random_100, 12.8347, 173, 100
Random_100, 12.8405, 187, 100
Random_100, 12.8458, 174, 100
Random_100, 12.8516, 185, 100
Random_100, 12.8570, 175, 100
Random_100, 12.8628, 184, 100
Random_100, 12.8681, 172, 100
Random_100, 12.8738, 188, 100
Random_100, 12.8791, 175, 100
Random_100, 12.8850, 187, 100
Random_100, 12.8903, 168, 100
Random_100, 12.8961, 190, 100
Random_100, 12.9014, 170, 100
Random_100, 12.9072, 191, 100
Random_100, 12.9125, 171, 100
Random_100, 12.9183, 189, 100
Random_100, 12.9236, 171, 100
Random_100, 12.9294, 186, 100
Random_100, 12.9347, 173, 100
Random_100, 12.9405, 187, 100
Random_100, 12.9459, 174, 100
Random_100, 12.9516, 185, 100
Random_100, 12.9569, 175, 100
Random_100, 12.9627, 186, 100
Random_100, 12.9681, 172, 100
Random_100, 12.9738, 187, 100
Random_100, 12.9792, 174, 100
Random_100, 12.9850, 185, 100
Random_100, 12.9903, 173, 100
Random_100, 12.9960, 188, 100
Random_100, 13.0014, 174, 100
Random_100, 13.0072, 185, 100
Random_100, 13.0125, 171, 100
Random_100, 13.0182, 189, 100
Random_100, 13.0236, 176, 100
Random_100, 13.0294, 184, 100
Random_100, 13.0347, 170, 100
Random_100, 13.0404, 190, 100
Random_100, 13.0458, 175, 100
Random_100, 13.0516, 181, 100
Random_100, 13.0570, 174, 100
Random_100, 13.0628, 186, 100
Random_100, 13.0681, 173, 100
Random_100, 13.0738, 187, 100
Random_100, 13.0792, 174, 100
Random_100, 13.0849, 186, 100
Random_100, 13.0903, 176, 100
Random_100, 13.0960, 183, 100
Random_100, 13.1014, 174, 100
Random_100, 13.1071, 185, 100
Random_100, 13.1125, 175, 100
Random_100, 13.1184, 184, 100
Random_100, 13.1237, 169, 100
Random_100, 13.1295, 189, 100
Random_100, 13.1347, 170, 100
Random_100, 13.1405, 193, 100
Random_100, 13.1458, 171, 100
Random_100, 13.1517, 189, 100
Random_100, 13.1569, 171, 100
Random_100, 13.1628, 190, 100
Random_100, 13.1680, 170, 100
Random_100, 13.1739, 190, 100
Random_100, 13.1792, 171, 100
Random_100, 13.1850, 186, 100
Random_100, 13.1903, 174, 100
Random_100, 13.1961, 187, 100
Random_100, 13.2014, 173, 100
Random_100, 13.2072, 187, 100
Random_100, 13.2125, 173, 100
Random_100, 13.2182, 185, 100
Random_100, 13.2236, 176, 100
Random_100, 13.2294, 184, 100
Random_100, 13.2347, 175, 100
Random_100, 13.2405, 185, 100
Random_100, 13.2458, 172, 100
Random_100, 13.2516, 187, 100
Random_100, 13.2570, 172, 100
Random_100, 13.2627, 188, 100
Random_100, 13.2681, 171, 100
Random_100, 13.2739, 189, 100
Random_100, 13.2792, 171, 100
Random_100, 13.2850, 190, 100
Random_100, 13.2903, 171, 100
Random_100, 13.2960, 189, 100
Random_100, 13.3014, 173, 100
Random_100, 13.3072, 183, 100
Random_100, 13.3125, 174, 100
Random_100, 13.3183, 186, 100
Random_100, 13.3236, 174, 100
Random_100, 13.3294, 186, 100
Random_100, 13.3347, 174, 100
Random_100, 13.3405, 186, 100
Random_100, 13.3458, 174, 100
Random_100, 13.3516, 184, 100
Random_100, 13.3569, 175, 100
Random_100, 13.3627, 186, 100
Random_100, 13.3681, 171, 100
Random_100, 13.3739, 188, 100
Random_100, 13.3792, 171, 100
Random_100, 13.3850, 189, 100
Random_100, 13.3903, 170, 100
Random_100, 13.3959, 190, 100
Random_100, 13.4014, 175, 100
Random_100, 13.4072, 185, 100
Random_100, 13.4125, 172, 100
Random_100, 13.4183, 189, 100
Random_100, 13.4235, 172, 100
Random_100, 13.4294, 189, 100
Random_100, 13.4347, 171, 100
Random_100, 13.4405, 189, 100
Random_100, 13.4458, 170, 100
Random_100, 13.4516, 189, 100
Random_100, 13.4568, 171, 100
Random_100, 13.4627, 192, 100
Random_100, 13.4679, 169, 100
Random_100, 13.4738, 191, 100
Random_100, 13.4791, 171, 100
Random_100, 13.4849, 186, 100
Random_100, 13.4903, 174, 100
Random_100, 13.4961, 186, 100
Random_100, 13.5014, 171, 100
Random_100, 13.5072, 189, 100
Random_100, 13.5125, 172, 100
Random_100, 13.5183, 187, 100
Random_100, 13.5236, 172, 100
Random_100, 13.5294, 188, 100
Random_100, 13.5347, 171, 100
Random_100, 13.5404, 190, 100
Random_100, 13.5458, 173, 100
Random_100, 13.5516, 184, 100
Random_100, 13.5569, 172, 100
Random_100, 13.5626, 190, 100
Random_100, 13.5680, 173, 100
Random_100, 13.5738, 186, 100
Random_100, 13.5791, 173, 100
Random_100, 13.5849, 186, 100
Random_100, 13.5902, 172, 100
Random_100, 13.5960, 188, 100
Random_100, 13.6013, 174, 100
Random_100, 13.6072, 186, 100
Random_100, 13.6125, 168, 100
Random_100, 13.6183, 191, 100
Random_100, 13.6236, 170, 100
Random_100, 13.6294, 193, 100
Random_100, 13.6347, 170, 100
Random_100, 13.6405, 187, 100
Random_100, 13.6458, 173, 100
Random_100, 13.6516, 187, 100
Random_100, 13.6569, 172, 100
Random_100, 13.6627, 189, 100
Random_100, 13.6680, 172, 100
Random_100, 13.6739, 187, 100
Random_100, 13.6791, 170, 100
Random_100, 13.6850, 191, 100
Random_100, 13.6902, 170, 100
Random_100, 13.6961, 191, 100
Random_100, 13.7014, 170, 100
Random_100, 13.7072, 187, 100
Random_100, 13.7125, 171, 100
Random_100, 13.7182, 189, 100
Random_100, 13.7236, 174, 100
Random_100, 13.7293, 187, 100
Random_100, 13.7346, 173, 100
Random_100, 13.7405, 190, 100
Random_100, 13.7457, 171, 100
Random_100, 13.7516, 188, 100
Random_100, 13.7569, 171, 100
Random_100, 13.7627, 188, 100
Random_100, 13.7680, 172, 100
Random_100, 13.7739, 189, 100
Random_100, 13.7791, 169, 100
Random_100, 13.7850, 191, 100
Random_100, 13.7902, 169, 100
Random_100, 13.7961, 190, 100
Random_100, 13.8013, 171, 100
Random_100, 13.8071, 191, 100
Random_100, 13.8124, 173, 100
Random_100, 13.8182, 185, 100
Random_100, 13.8235, 175, 100
Random_100, 13.8293, 187, 100
Random_100, 13.8346, 173, 100
Random_100, 13.8404, 188, 100
Random_100, 13.8458, 173, 100
Random_100, 13.8516, 185, 100
Random_100, 13.8569, 172, 100
Random_100, 13.8627, 188, 100
Random_100, 13.8680, 172, 100
Random_100, 13.8737, 186, 100
Random_100, 13.8791, 175, 100
Random_100, 13.8850, 185, 100
Random_100, 13.8902, 171, 100
Random_100, 13.8960, 192, 100
Random_100, 13.9014, 169, 100
Random_100, 13.9072, 188, 100
Random_100, 13.9124, 172, 100
Random_100, 13.9183, 188, 100
Random_100, 13.9236, 173, 100
Random_100, 13.9293, 187, 100
Random_100, 13.9347, 172, 100
Random_100, 13.9405, 189, 100
Random_100, 13.9458, 171, 100
Random_100, 13.9516, 188, 100
Random_100, 13.9569, 172, 100
Random_100, 13.9627, 188, 100
Random_100, 13.9680, 174, 100
Random_100, 13.9738, 186, 100
Random_100, 13.9791, 173, 100
Random_100, 13.9849, 186, 100
Random_100, 13.9902, 173, 100
Random_100, 13.9960, 188, 100
Random_100, 14.0028, 171, 100
Random_100, 14.0072, 148, 100
Random_100, 14.0124, 229, 100
Random_100, 14.0183, 188, 100
Random_100, 14.0236, 172, 100
Random_100, 14.0293, 189, 100
Random_100, 14.0346, 171, 100
Random_100, 14.0405, 189, 100
Random_100, 14.0458, 171, 100
Random_100, 14.0516, 188, 100
Random_100, 14.0569, 171, 100
Random_100, 14.0627, 190, 100
Random_100, 14.0680, 172, 100
Random_100, 14.0737, 186, 100
Random_100, 14.0791, 176, 100
Random_100, 14.0849, 184, 100
Random_100, 14.0902, 173, 100
Random_100, 14.0960, 185, 100
Random_100, 14.1013, 174, 100
Random_100, 14.1071, 186, 100
Random_100, 14.1124, 175, 100
Random_100, 14.1183, 184, 100
Random_100, 14.1237, 171, 100
Random_100, 14.1295, 186, 100
Random_100, 14.1347, 171, 100
Random_100, 14.1405, 191, 100
Random_100, 14.1458, 170, 100
Random_100, 14.1516, 189, 100
Random_100, 14.1569, 170, 100
Random_100, 14.1627, 190, 100
Random_100, 14.1680, 171, 100
Random_100, 14.1738, 188, 100
Random_100, 14.1791, 172, 100
Random_100, 14.1849, 188, 100
Random_100, 14.1902, 172, 100
Random_100, 14.1960, 190, 100
Random_100, 14.2013, 170, 100
Random_100, 14.2071, 188, 100
Random_100, 14.2125, 173, 100
Random_100, 14.2182, 186, 100
Random_100, 14.2236, 173, 100
Random_100, 14.2294, 188, 100
Random_100, 14.2347, 171, 100
Random_100, 14.2405, 188, 100
Random_100, 14.2458, 173, 100
Random_100, 14.2516, 187, 100
Random_100, 14.2568, 170, 100
Random_100, 14.2627, 192, 100
Random_100, 14.2680, 169, 100
Random_100, 14.2738, 190, 100
Random_100, 14.2791, 171, 100
Random_100, 14.2849, 189, 100
Random_100, 14.2902, 170, 100
Random_100, 14.2960, 189, 100
Random_100, 14.3014, 172, 100
Random_100, 14.3072, 186, 100
Random_100, 14.3125, 174, 100
Random_100, 14.3183, 188, 100
Random_100, 14.3236, 171, 100
Random_100, 14.3293, 189, 100
Random_100, 14.3347, 171, 100
Random_100, 14.3404, 188, 100
Random_100, 14.3458, 173, 100
Random_100, 14.3515, 187, 100
Random_100, 14.3569, 175, 100
Random_100, 14.3627, 184, 100
Random_100, 14.3680, 172, 100
Random_100, 14.3738, 189, 100
Random_100, 14.3791, 170, 100
Random_100, 14.3850, 189, 100
Random_100, 14.3902, 172, 100
Random_100, 14.3960, 189, 100
Random_100, 14.4013, 171, 100
Random_100, 14.4072, 186, 100
Random_100, 14.4124, 173, 100
Random_100, 14.4183, 187, 100
Random_100, 14.4236, 172, 100
Random_100, 14.4294, 187, 100
Random_100, 14.4346, 171, 100
Random_100, 14.4405, 192, 100
Random_100, 14.4458, 171, 100
Random_100, 14.4516, 186, 100
Random_100, 14.4569, 174, 100
Random_100, 14.4627, 185, 100
Random_100, 14.4680, 174, 100
Random_100, 14.4738, 186, 100
Random_100, 14.4791, 174, 100
Random_100, 14.4850, 184, 100
Random_100, 14.4903, 172, 100
Random_100, 14.4961, 188, 100
Random_100, 14.5014, 172, 100
Random_100, 14.5072, 189, 100
Random_100, 14.5125, 172, 100
Random_100, 14.5182, 188, 100
Random_100, 14.5236, 175, 100
Random_100, 14.5294, 184, 100
Random_100, 14.5347, 171, 100
Random_100, 14.5405, 190, 100
Random_100, 14.5458, 171, 100
Random_100, 14.5516, 186, 100
Random_100, 14.5569, 174, 100
Random_100, 14.5626, 187, 100
Random_100, 14.5681, 176, 100
Random_100, 14.5739, 183, 100
Random_100, 14.5792, 171, 100
Random_100, 14.5849, 185, 100
Random_100, 14.5903, 179, 100
Random_100, 14.5960, 183, 100
Random_100, 14.6014, 174, 100
Random_100, 14.6072, 186, 100
Random_100, 14.6125, 171, 100
Random_100, 14.6183, 188, 100
Random_100, 14.6236, 173, 100
Random_100, 14.6294, 188, 100
Random_100, 14.6347, 170, 100
Random_100, 14.6405, 191, 100
Random_100, 14.6458, 170, 100
Random_100, 14.6517, 189, 100
Random_100, 14.6569, 171, 100
Random_100, 14.6628, 190, 100
Random_100, 14.6681, 170, 100
Random_100, 14.6739, 187, 100
Random_100, 14.6792, 173, 100
Random_100, 14.6850, 187, 100
Random_100, 14.6903, 173, 100
Random_100, 14.6961, 186, 100
Random_100, 14.7014, 173, 100
Random_100, 14.7071, 187, 100
Random_100, 14.7125, 174, 100
Random_100, 14.7182, 184, 100
Random_100, 14.7236, 177, 100
Random_100, 14.7294, 184, 100
Random_100, 14.7347, 170, 100
Random_100, 14.7405, 189, 100
Random_100, 14.7458, 171, 100
Random_100, 14.7517, 189, 100
Random_100, 14.7569, 171, 100
Random_100, 14.7626, 190, 100
Random_100, 14.7680, 174, 100
Random_100, 14.7738, 185, 100
Random_100, 14.7791, 171, 100
Random_100, 14.7850, 189, 100
Random_100, 14.7903, 171, 100
Random_100, 14.7961, 187, 100
Random_100, 14.8013, 172, 100
Random_100, 14.8072, 190, 100
Random_100, 14.8125, 170, 100
Random_100, 14.8182, 185, 100
Random_100, 14.8236, 177, 100
Random_100, 14.8294, 183, 100
Random_100, 14.8347, 174, 100
Random_100, 14.8404, 185, 100
Random_100, 14.8458, 177, 100
Random_100, 14.8516, 182, 100
Random_100, 14.8569, 174, 100
Random_100, 14.8627, 188, 100
Random_100, 14.8680, 172, 100
Random_100, 14.8737, 188, 100
Random_100, 14.8791, 174, 100
Random_100, 14.8849, 184, 100
Random_100, 14.8902, 171, 100
Random_100, 14.8960, 191, 100
Random_100, 14.9013, 171, 100
Random_100, 14.9071, 188, 100
Random_100, 14.9125, 175, 100
Random_100, 14.9183, 182, 100
Random_100, 14.9235, 174, 100
Random_100, 14.9294, 187, 100
Random_100, 14.9347, 172, 100
Random_100, 14.9405, 187, 100
Random_100, 14.9458, 173, 100
Random_100, 14.9516, 185, 100
Random_100, 14.9568, 175, 100
Random_100, 14.9626, 189, 100
Random_100, 14.9680, 172, 100
Random_100, 14.9738, 183, 100
Random_100, 14.9791, 175, 100
Random_100, 14.9849, 184, 100
Random_100, 14.9902, 172, 100
Random_100, 14.9960, 189, 100
Random_100, 15.0014, 171, 100